Country,Item,Year,Yield (100 hg/ha),Pesticides (Tons),Rainfall (mm),Fertilizer (kg/ha)
Albania,Potatoes,2009,219780,410.55,1485.0,79.08
Albania,Potatoes,2010,231111,590.5,1485.0,76.47
Albania,Potatoes,2011,242211,582.68,1485.0,87.08
Albania,Potatoes,2012,250538,361.62,1485.0,82.79
Albania,Potatoes,2013,260110,450.6,1485.0,78.14999999999999
Albania,Potatoes,2014,250000,457.47,1485.0,78.17999999999999
Albania,Potatoes,2015,242574,538.24,1485.0,95.29
Albania,Potatoes,2016,245894,584.49,1485.0,111.22
Albania,Potatoes,2017,251110,614.91,1485.0,87.72999999999999
Albania,Potatoes,2018,261714,442.35,1485.0,58.49
Albania,Potatoes,2019,256455,729.67,1485.0,82.77
Algeria,Potatoes,2009,250764,3168.41,89.0,12.74
Algeria,Potatoes,2010,270526,1869.58,89.0,14.09
Algeria,Potatoes,2011,292806,7612.21,89.0,14.05
Algeria,Potatoes,2012,304291,8980.17,89.0,18.99
Algeria,Potatoes,2013,303218,8269.57,89.0,19.95
Algeria,Potatoes,2014,299247,7151.52,89.0,22.57
Algeria,Potatoes,2015,296099,4516.93,89.0,20.75
Algeria,Potatoes,2016,304506,4153.38,89.0,18.5
Algeria,Potatoes,2017,309524,6067.35,89.0,18.35
Algeria,Potatoes,2018,310916,6067.35,89.0,18.27
Algeria,Potatoes,2019,318011,6067.35,89.0,18.27
Angola,Potatoes,2009,86509,40.0,1010.0,5.1
Angola,Potatoes,2010,87425,40.0,1010.0,7.88
Angola,Potatoes,2011,81366,40.0,1010.0,11.28
Angola,Potatoes,2012,69381,40.0,1010.0,8.36
Angola,Potatoes,2013,63303,40.0,1010.0,8.75
Angola,Potatoes,2014,63239,40.0,1010.0,8.75
Angola,Potatoes,2015,62866,40.0,1010.0,7.6
Angola,Potatoes,2016,62717,40.0,1010.0,6.83
Angola,Potatoes,2017,72079,40.0,1010.0,10.03
Angola,Potatoes,2018,71770,40.0,1010.0,7.459999999999999
Angola,Potatoes,2019,71174,40.0,1010.0,6.959999999999999
Argentina,Potatoes,2009,293326,140094.8,591.0,22.21
Argentina,Potatoes,2010,296203,235739.1,591.0,38.15
Argentina,Potatoes,2011,298649,220610.04,591.0,40.83
Argentina,Potatoes,2012,303967,216308.7,591.0,33.78
Argentina,Potatoes,2013,307357,212007.35,591.0,35.35
Argentina,Potatoes,2014,310577,207706.0,591.0,35.33
Argentina,Potatoes,2015,313425,203807.0,591.0,28.37
Argentina,Potatoes,2016,321969,199908.0,591.0,44.370000000000005
Argentina,Potatoes,2017,328586,196009.0,591.0,47.400000000000006
Argentina,Potatoes,2018,334600,172928.0,591.0,56.12
Argentina,Potatoes,2019,340313,204559.0,591.0,61.6
Armenia,Potatoes,2009,185496,198.36,562.0,78.72
Armenia,Potatoes,2010,170146,278.72,562.0,58.83
Armenia,Potatoes,2011,194426,320.67,562.0,72.36
Armenia,Potatoes,2012,207151,362.62,562.0,114.88
Armenia,Potatoes,2013,215290,404.57,562.0,117.01
Armenia,Potatoes,2014,231725,446.52,562.0,105.22
Armenia,Potatoes,2015,218848,488.47,562.0,128.96
Armenia,Potatoes,2016,210314,530.42,562.0,292.48
Armenia,Potatoes,2017,216278,572.37,562.0,179.22
Armenia,Potatoes,2018,188129,614.32,562.0,179.0
Armenia,Potatoes,2019,200694,527.33,562.0,178.9
Australia,Potatoes,2009,361747,38065.69,534.0,60.11
Australia,Potatoes,2010,351334,42169.39,534.0,75.93
Australia,Potatoes,2011,350887,47632.98,534.0,67.3
Australia,Potatoes,2012,382592,48687.88,534.0,68.64999999999999
Australia,Potatoes,2013,385434,45177.19,534.0,71.94
Australia,Potatoes,2014,396970,49857.35,534.0,78.76
Australia,Potatoes,2015,392501,50921.6,534.0,78.69
Australia,Potatoes,2016,404096,63416.48,534.0,88.15
Australia,Potatoes,2017,389534,60201.36,534.0,88.4
Australia,Potatoes,2018,399682,63416.48,534.0,84.96
Australia,Potatoes,2019,378022,63416.48,534.0,83.53999999999999
Austria,Potatoes,2009,324947,3531.8,1110.0,82.57000000000001
Austria,Potatoes,2010,305703,3692.4,1110.0,95.24
Austria,Potatoes,2011,357127,3441.5,1110.0,126.65
Austria,Potatoes,2012,305491,3563.3,1110.0,110.11
Austria,Potatoes,2013,285897,3108.6,1110.0,124.88
Austria,Potatoes,2014,351020,3380.7,1110.0,124.84000000000002
Austria,Potatoes,2015,263390,3787.1,1110.0,141.82
Austria,Potatoes,2016,361557,3662.0,1110.0,131.26999999999998
Austria,Potatoes,2017,284198,4656.0,1110.0,134.28
Austria,Potatoes,2018,293742,5295.0,1110.0,126.77
Austria,Potatoes,2019,313417,4963.0,1110.0,112.82
Azerbaijan,Potatoes,2009,149950,316.18,447.0,11.96
Azerbaijan,Potatoes,2010,144945,333.85,447.0,8.89
Azerbaijan,Potatoes,2011,143973,461.84,447.0,13.89
Azerbaijan,Potatoes,2012,146740,516.35,447.0,17.0
Azerbaijan,Potatoes,2013,151999,489.8,447.0,17.83
Azerbaijan,Potatoes,2014,132881,531.84,447.0,28.31
Azerbaijan,Potatoes,2015,137730,529.69,447.0,45.41
Azerbaijan,Potatoes,2016,143714,542.82,447.0,39.45
Azerbaijan,Potatoes,2017,155499,542.82,447.0,32.81
Azerbaijan,Potatoes,2018,151559,542.82,447.0,54.1
Azerbaijan,Potatoes,2019,176415,542.82,447.0,67.24
Bahrain,Potatoes,2009,166667,12.59,83.0,315.72
Bahrain,Potatoes,2010,177579,9.84,83.0,598.33
Bahrain,Potatoes,2011,191087,9.14,83.0,433.61
Bahrain,Potatoes,2012,198427,9.18,83.0,433.61
Bahrain,Potatoes,2013,201385,9.22,83.0,433.61
Bahrain,Potatoes,2014,233331,9.26,83.0,433.61
Bahrain,Potatoes,2015,265146,9.3,83.0,433.61
Bahrain,Potatoes,2016,293740,9.34,83.0,433.61
Bahrain,Potatoes,2017,375000,9.38,83.0,433.61
Bahrain,Potatoes,2018,425000,5.56,83.0,433.61
Bahrain,Potatoes,2019,300000,14.56,83.0,433.61
Bangladesh,Potatoes,2009,133367,13755.78,2666.0,170.29
Bangladesh,Potatoes,2010,182299,13250.83,2666.0,192.02
Bangladesh,Potatoes,2011,180931,14798.28,2666.0,230.27
Bangladesh,Potatoes,2012,190627,13289.18,2666.0,234.38
Bangladesh,Potatoes,2013,193790,15330.16,2666.0,225.26
Bangladesh,Potatoes,2014,193845,15857.26,2666.0,245.71
Bangladesh,Potatoes,2015,196476,13364.42,2666.0,261.97
Bangladesh,Potatoes,2016,199250,14387.63,2666.0,252.41
Bangladesh,Potatoes,2017,204432,15144.49,2666.0,263.5
Bangladesh,Potatoes,2018,204106,15144.49,2666.0,274.95000000000005
Bangladesh,Potatoes,2019,206131,15144.49,2666.0,272.34000000000003
Belarus,Potatoes,2009,186040,3874.87,618.0,275.16
Belarus,Potatoes,2010,213518,3386.54,618.0,264.62
Belarus,Potatoes,2011,209564,3078.92,618.0,297.33000000000004
Belarus,Potatoes,2012,208131,2422.74,618.0,265.62
Belarus,Potatoes,2013,193536,2229.08,618.0,250.98
Belarus,Potatoes,2014,203089,1892.13,618.0,210.84
Belarus,Potatoes,2015,191500,1463.89,618.0,190.39
Belarus,Potatoes,2016,204622,1077.76,618.0,143.81
Belarus,Potatoes,2017,233975,721.32,618.0,139.66
Belarus,Potatoes,2018,215228,839.88,618.0,153.20999999999998
Belarus,Potatoes,2019,231510,817.28,618.0,151.05
Belgium,Potatoes,2009,447083,5496.04,847.0,274.95000000000005
Belgium,Potatoes,2010,422676,4644.53,847.0,316.7
Belgium,Potatoes,2011,501412,6297.22,847.0,309.66
Belgium,Potatoes,2012,454233,6584.48,847.0,319.79
Belgium,Potatoes,2013,454642,6336.49,847.0,312.81
Belgium,Potatoes,2014,540003,7179.97,847.0,295.95
Belgium,Potatoes,2015,469226,6480.36,847.0,297.42
Belgium,Potatoes,2016,381632,6579.06,847.0,287.04
Belgium,Potatoes,2017,475652,6248.62,847.0,292.83
Belgium,Potatoes,2018,326309,6357.33,847.0,292.39
Belgium,Potatoes,2019,410186,5944.14,847.0,289.91
Belize,Potatoes,2009,134810,788.61,1705.0,84.43
Belize,Potatoes,2010,91222,700.39,1705.0,40.67
Belize,Potatoes,2011,110000,826.58,1705.0,164.51000000000002
Belize,Potatoes,2012,122054,638.28,1705.0,99.33
Belize,Potatoes,2013,230000,1036.68,1705.0,275.92
Belize,Potatoes,2014,118990,880.1,1705.0,265.36
Belize,Potatoes,2015,116782,1067.18,1705.0,280.48999999999995
Belize,Potatoes,2016,99596,1258.98,1705.0,303.06
Belize,Potatoes,2017,133469,1217.14,1705.0,245.98
Belize,Potatoes,2018,120313,1384.31,1705.0,176.07
Belize,Potatoes,2019,121692,1062.59,1705.0,339.18
Benin,Potatoes,2009,80263,2259.94,1039.0,5.2700000000000005
Benin,Potatoes,2010,84231,2092.91,1039.0,7.369999999999999
Benin,Potatoes,2011,86289,2080.63,1039.0,3.58
Benin,Potatoes,2012,88383,1691.82,1039.0,8.35
Benin,Potatoes,2013,93134,1422.57,1039.0,3.97
Benin,Potatoes,2014,131538,1452.14,1039.0,6.42
Benin,Potatoes,2015,138664,1525.17,1039.0,0.1
Benin,Potatoes,2016,103744,1583.06,1039.0,8.19
Benin,Potatoes,2017,101558,1745.25,1039.0,0.01
Benin,Potatoes,2018,85714,3396.57,1039.0,30.17
Benin,Potatoes,2019,103251,4315.02,1039.0,45.67
Bhutan,Potatoes,2009,98644,5.68,2200.0,21.200000000000003
Bhutan,Potatoes,2010,117374,6.56,2200.0,8.940000000000001
Bhutan,Potatoes,2011,82519,9.07,2200.0,11.61
Bhutan,Potatoes,2012,84679,7.44,2200.0,9.51
Bhutan,Potatoes,2013,106007,5.4,2200.0,10.81
Bhutan,Potatoes,2014,88962,3.38,2200.0,12.63
Bhutan,Potatoes,2015,99302,10.81,2200.0,13.13
Bhutan,Potatoes,2016,99252,25.62,2200.0,13.27
Bhutan,Potatoes,2017,110216,27.64,2200.0,12.54
Bhutan,Potatoes,2018,98257,37.58,2200.0,20.0
Bhutan,Potatoes,2019,104033,34.53,2200.0,13.46
Bosnia and Herzegovina,Potatoes,2009,112701,2119.77,1028.0,66.04
Bosnia and Herzegovina,Potatoes,2010,104566,2135.13,1028.0,73.81
Bosnia and Herzegovina,Potatoes,2011,111158,2277.28,1028.0,93.85
Bosnia and Herzegovina,Potatoes,2012,81533,2267.39,1028.0,109.3
Bosnia and Herzegovina,Potatoes,2013,104987,2261.66,1028.0,91.97
Bosnia and Herzegovina,Potatoes,2014,87903,2276.56,1028.0,108.6
Bosnia and Herzegovina,Potatoes,2015,98510,2286.58,1028.0,115.97
Bosnia and Herzegovina,Potatoes,2016,119661,2369.33,1028.0,97.97
Bosnia and Herzegovina,Potatoes,2017,96487,2398.3,1028.0,96.71
Bosnia and Herzegovina,Potatoes,2018,112140,2454.3,1028.0,77.26
Bosnia and Herzegovina,Potatoes,2019,111367,2509.21,1028.0,79.21000000000001
Brazil,Potatoes,2009,248299,337391.08,1761.0,122.83
Brazil,Potatoes,2010,258859,360735.33,1761.0,169.07999999999998
Brazil,Potatoes,2011,262528,408787.3,1761.0,211.25
Brazil,Potatoes,2012,274457,456839.26,1761.0,194.83
Brazil,Potatoes,2013,277517,472977.15,1761.0,226.52
Brazil,Potatoes,2014,279410,484254.38,1761.0,244.94
Brazil,Potatoes,2015,293159,497625.68,1761.0,203.37
Brazil,Potatoes,2016,296622,514828.96,1761.0,209.38
Brazil,Potatoes,2017,309411,514843.5,1761.0,242.24
Brazil,Potatoes,2018,311762,549280.44,1761.0,257.99
Brazil,Potatoes,2019,317661,620537.98,1761.0,260.5
Bulgaria,Potatoes,2009,165508,1717.25,608.0,99.39
Bulgaria,Potatoes,2010,181967,1588.5,608.0,92.3
Bulgaria,Potatoes,2011,143236,1459.75,608.0,126.83
Bulgaria,Potatoes,2012,101515,1331.0,608.0,91.48
Bulgaria,Potatoes,2013,146125,1197.0,608.0,105.06
Bulgaria,Potatoes,2014,130050,1001.0,608.0,104.98
Bulgaria,Potatoes,2015,149633,1541.9,608.0,117.54
Bulgaria,Potatoes,2016,151841,3759.0,608.0,132.68
Bulgaria,Potatoes,2017,177897,3384.0,608.0,125.32
Bulgaria,Potatoes,2018,185596,5067.0,608.0,126.28
Bulgaria,Potatoes,2019,212497,6663.0,608.0,130.12
Burkina Faso,Potatoes,2009,18721,1166.27,748.0,9.22
Burkina Faso,Potatoes,2010,18462,1042.53,748.0,9.21
Burkina Faso,Potatoes,2011,19459,1059.25,748.0,10.43
Burkina Faso,Potatoes,2012,19477,1254.56,748.0,13.25
Burkina Faso,Potatoes,2013,19498,1560.01,748.0,15.11
Burkina Faso,Potatoes,2014,19519,1781.41,748.0,15.51
Burkina Faso,Potatoes,2015,19538,2046.39,748.0,15.92
Burkina Faso,Potatoes,2016,19552,2646.16,748.0,21.27
Burkina Faso,Potatoes,2017,19562,2938.25,748.0,17.76
Burkina Faso,Potatoes,2018,19317,3123.39,748.0,17.16
Burkina Faso,Potatoes,2019,19238,2793.45,748.0,9.29
Burundi,Potatoes,2009,27711,177.75,1274.0,1.31
Burundi,Potatoes,2010,33901,264.53,1274.0,2.56
Burundi,Potatoes,2011,35925,75.64,1274.0,4.02
Burundi,Potatoes,2012,31165,98.59,1274.0,4.390000000000001
Burundi,Potatoes,2013,62252,956.06,1274.0,7.199999999999999
Burundi,Potatoes,2014,74138,74.49,1274.0,8.370000000000001
Burundi,Potatoes,2015,97372,72.74,1274.0,6.45
Burundi,Potatoes,2016,105808,50.26,1274.0,11.17
Burundi,Potatoes,2017,102512,50.26,1274.0,13.75
Burundi,Potatoes,2018,111697,50.26,1274.0,18.41
Burundi,Potatoes,2019,70115,50.26,1274.0,15.63
Cameroon,Potatoes,2009,28754,2323.15,1604.0,5.71
Cameroon,Potatoes,2010,43541,3474.69,1604.0,7.44
Cameroon,Potatoes,2011,73882,3968.89,1604.0,8.83
Cameroon,Potatoes,2012,103020,4010.74,1604.0,8.26
Cameroon,Potatoes,2013,133691,4536.15,1604.0,8.049999999999999
Cameroon,Potatoes,2014,150643,5479.55,1604.0,7.709999999999999
Cameroon,Potatoes,2015,153932,5838.14,1604.0,10.88
Cameroon,Potatoes,2016,112800,4831.12,1604.0,8.72
Cameroon,Potatoes,2017,107000,7068.63,1604.0,10.43
Cameroon,Potatoes,2018,114380,7321.6,1604.0,10.36
Cameroon,Potatoes,2019,116356,7321.6,1604.0,10.36
Canada,Potatoes,2009,127453,54529.4,537.0,71.25
Canada,Potatoes,2010,390809,61050.0,537.0,79.28
Canada,Potatoes,2011,366462,62107.2,537.0,96.44
Canada,Potatoes,2012,386092,73508.9,537.0,103.73
Canada,Potatoes,2013,410606,81659.8,537.0,96.05
Canada,Potatoes,2014,413836,76314.0,537.0,101.67
Canada,Potatoes,2015,427087,75318.3,537.0,103.87
Canada,Potatoes,2016,387791,90926.0,537.0,98.82
Canada,Potatoes,2017,393780,98304.0,537.0,101.37
Canada,Potatoes,2018,389128,87632.0,537.0,111.33
Canada,Potatoes,2019,387755,78893.0,537.0,104.77
Central African Republic,Potatoes,2009,12683,52.46,1343.0,0.21
Central African Republic,Potatoes,2010,11650,48.14,1343.0,0.29
Central African Republic,Potatoes,2011,11574,48.69,1343.0,0.42
Central African Republic,Potatoes,2012,11818,36.67,1343.0,0.27
Central African Republic,Potatoes,2013,11818,27.87,1343.0,0.14
Central African Republic,Potatoes,2014,11622,20.97,1343.0,0.01
Central African Republic,Potatoes,2015,8991,24.4,1343.0,0.3299999999999999
Central African Republic,Potatoes,2016,10620,41.08,1343.0,0.21
Central African Republic,Potatoes,2017,10640,44.74,1343.0,0.19
Central African Republic,Potatoes,2018,10076,55.1,1343.0,0.19
Central African Republic,Potatoes,2019,10437,43.57,1343.0,0.1699999999999999
Chile,Potatoes,2009,205101,7013.69,1522.0,305.87
Chile,Potatoes,2010,212986,6895.43,1522.0,329.11
Chile,Potatoes,2011,312460,7027.68,1522.0,277.28000000000003
Chile,Potatoes,2012,263269,7420.73,1522.0,281.03000000000003
Chile,Potatoes,2013,233767,8059.78,1522.0,293.55
Chile,Potatoes,2014,216752,8359.48,1522.0,304.75
Chile,Potatoes,2015,190101,9651.25,1522.0,336.4
Chile,Potatoes,2016,218010,11816.85,1522.0,286.66
Chile,Potatoes,2017,263762,13564.0,1522.0,261.09000000000003
Chile,Potatoes,2018,286749,13039.24,1522.0,270.45
Chile,Potatoes,2019,278053,12943.95,1522.0,277.92
China,Potatoes,2009,144171,331298.46,645.0,344.26
China,Potatoes,2010,156686,339849.79,645.0,377.66
China,Potatoes,2011,162826,345719.27,645.0,390.2000000000001
China,Potatoes,2012,167712,350468.61,645.0,397.0
China,Potatoes,2013,170910,351036.72,645.0,394.78
China,Potatoes,2014,171416,349219.95,645.0,408.79
China,Potatoes,2015,173123,346087.2,645.0,408.64
China,Potatoes,2016,176866,338311.71,645.0,403.67
China,Potatoes,2017,182085,323252.76,645.0,391.6
China,Potatoes,2018,189722,294682.45,645.0,369.5799999999999
China,Potatoes,2019,221750,273569.51,645.0,349.97
Colombia,Potatoes,2009,183793,51435.13,3240.0,196.0
Colombia,Potatoes,2010,172462,48618.46,3240.0,251.05
Colombia,Potatoes,2011,173390,53797.0,3240.0,271.55
Colombia,Potatoes,2012,181661,48727.73,3240.0,268.36
Colombia,Potatoes,2013,185619,54563.38,3240.0,260.98
Colombia,Potatoes,2014,200521,73744.34,3240.0,305.06
Colombia,Potatoes,2015,194786,33689.3,3240.0,286.62
Colombia,Potatoes,2016,188924,32392.0,3240.0,291.61
Colombia,Potatoes,2017,227565,37699.0,3240.0,122.13
Colombia,Potatoes,2018,223755,37773.0,3240.0,116.22
Colombia,Potatoes,2019,233870,69862.0,3240.0,110.66
Congo,Potatoes,2009,85000,480.21,1646.0,4.07
Congo,Potatoes,2010,85696,598.78,1646.0,0.47
Congo,Potatoes,2011,85967,652.53,1646.0,1.17
Congo,Potatoes,2012,85947,769.99,1646.0,1.98
Congo,Potatoes,2013,85918,858.06,1646.0,2.5700000000000003
Congo,Potatoes,2014,86086,802.96,1646.0,1.65
Congo,Potatoes,2015,86267,691.46,1646.0,3.63
Congo,Potatoes,2016,86107,499.65,1646.0,1.9
Congo,Potatoes,2017,86154,463.12,1646.0,2.02
Congo,Potatoes,2018,86178,471.07,1646.0,2.06
Congo,Potatoes,2019,86147,579.28,1646.0,3.73
Costa Rica,Potatoes,2009,250144,12306.67,2926.0,158.97
Costa Rica,Potatoes,2010,249489,14241.84,2926.0,216.38
Costa Rica,Potatoes,2011,224226,12811.25,2926.0,299.48
Costa Rica,Potatoes,2012,252978,12575.54,2926.0,269.46
Costa Rica,Potatoes,2013,235423,12339.82,2926.0,248.36
Costa Rica,Potatoes,2014,226265,12104.11,2926.0,241.6
Costa Rica,Potatoes,2015,246532,11868.4,2926.0,282.95
Costa Rica,Potatoes,2016,246985,11632.69,2926.0,259.24
Costa Rica,Potatoes,2017,255765,11396.97,2926.0,276.22
Costa Rica,Potatoes,2018,164423,10284.52,2926.0,278.22
Costa Rica,Potatoes,2019,166780,11866.02,2926.0,268.99
Croatia,Potatoes,2009,193036,2134.99,1113.0,149.52
Croatia,Potatoes,2010,163115,1605.37,1113.0,272.04
Croatia,Potatoes,2011,153960,1682.32,1113.0,284.67
Croatia,Potatoes,2012,147848,1759.27,1113.0,176.05
Croatia,Potatoes,2013,158785,1836.21,1113.0,148.45999999999998
Croatia,Potatoes,2014,156011,2109.17,1113.0,175.39999999999998
Croatia,Potatoes,2015,170378,2301.08,1113.0,166.85
Croatia,Potatoes,2016,196596,1854.0,1113.0,109.98
Croatia,Potatoes,2017,158740,1570.0,1113.0,196.25
Croatia,Potatoes,2018,196613,1677.0,1113.0,202.82
Croatia,Potatoes,2019,184398,1558.0,1113.0,194.29
Cuba,Potatoes,2009,223237,3504.96,1335.0,8.5
Cuba,Potatoes,2010,220851,3504.96,1335.0,33.120000000000005
Cuba,Potatoes,2011,224847,3504.96,1335.0,30.129999999999995
Cuba,Potatoes,2012,205385,3504.96,1335.0,38.34
Cuba,Potatoes,2013,215948,3504.96,1335.0,40.02
Cuba,Potatoes,2014,207586,3504.96,1335.0,48.2
Cuba,Potatoes,2015,227201,3504.96,1335.0,38.04
Cuba,Potatoes,2016,217268,3504.96,1335.0,28.62
Cuba,Potatoes,2017,217360,3504.96,1335.0,27.97
Cuba,Potatoes,2018,219312,3504.96,1335.0,20.89
Cuba,Potatoes,2019,204937,3504.96,1335.0,20.89
Cyprus,Potatoes,2009,226358,728.61,498.0,127.88
Cyprus,Potatoes,2010,192714,632.48,498.0,148.88
Cyprus,Potatoes,2011,248924,1324.62,498.0,111.51
Cyprus,Potatoes,2012,180659,1266.21,498.0,147.52
Cyprus,Potatoes,2013,212333,1243.1,498.0,136.96999999999997
Cyprus,Potatoes,2014,234114,1203.71,498.0,118.35
Cyprus,Potatoes,2015,202579,1056.74,498.0,124.57
Cyprus,Potatoes,2016,243608,1142.13,498.0,154.15
Cyprus,Potatoes,2017,260543,1163.2,498.0,137.66000000000005
Cyprus,Potatoes,2018,232004,1187.4,498.0,125.88
Cyprus,Potatoes,2019,211598,1233.5,498.0,146.39
Czechia,Potatoes,2009,261898,4759.9,677.0,107.4
Czechia,Potatoes,2010,245643,4957.4,677.0,117.44
Czechia,Potatoes,2011,304473,5306.06,677.0,124.2
Czechia,Potatoes,2012,279805,5345.4,677.0,157.54
Czechia,Potatoes,2013,231179,5146.98,677.0,158.57
Czechia,Potatoes,2014,290726,4683.39,677.0,159.70999999999998
Czechia,Potatoes,2015,222633,4472.87,677.0,188.83
Czechia,Potatoes,2016,298798,4433.0,677.0,192.67
Czechia,Potatoes,2017,294202,4433.0,677.0,179.04999999999998
Czechia,Potatoes,2018,254941,4092.0,677.0,170.99
Czechia,Potatoes,2019,271997,3908.2,677.0,162.59
Denmark,Potatoes,2009,415861,2836.0,703.0,102.67
Denmark,Potatoes,2010,352675,3894.0,703.0,113.48
Denmark,Potatoes,2011,389423,4549.46,703.0,112.67
Denmark,Potatoes,2012,421316,5959.04,703.0,106.85
Denmark,Potatoes,2013,415732,4197.1,703.0,115.4
Denmark,Potatoes,2014,431194,1821.89,703.0,122.17
Denmark,Potatoes,2015,414128,2583.75,703.0,135.31
Denmark,Potatoes,2016,424786,2586.88,703.0,137.46
Denmark,Potatoes,2017,436821,2708.11,703.0,161.18
Denmark,Potatoes,2018,347462,2647.13,703.0,132.92
Denmark,Potatoes,2019,424815,2660.87,703.0,134.73999999999998
Dominican Republic,Potatoes,2009,219707,5975.25,1410.0,53.71
Dominican Republic,Potatoes,2010,237316,6316.61,1410.0,71.33
Dominican Republic,Potatoes,2011,236186,6384.22,1410.0,62.77
Dominican Republic,Potatoes,2012,242634,6451.83,1410.0,51.58
Dominican Republic,Potatoes,2013,256603,6519.43,1410.0,55.26
Dominican Republic,Potatoes,2014,267053,6587.04,1410.0,65.61
Dominican Republic,Potatoes,2015,266815,5028.43,1410.0,95.51
Dominican Republic,Potatoes,2016,267138,5874.45,1410.0,106.77
Dominican Republic,Potatoes,2017,267181,6815.45,1410.0,107.46
Dominican Republic,Potatoes,2018,266671,7069.45,1410.0,139.92000000000002
Dominican Republic,Potatoes,2019,268521,7069.45,1410.0,139.92000000000002
Ecuador,Potatoes,2009,58531,9666.87,2274.0,88.14
Ecuador,Potatoes,2010,87422,31637.12,2274.0,116.01
Ecuador,Potatoes,2011,77752,17529.44,2274.0,125.52
Ecuador,Potatoes,2012,83078,11469.74,2274.0,115.54
Ecuador,Potatoes,2013,73131,6471.77,2274.0,105.89
Ecuador,Potatoes,2014,126795,33573.94,2274.0,139.8
Ecuador,Potatoes,2015,133830,44564.66,2274.0,106.68
Ecuador,Potatoes,2016,142599,39239.6,2274.0,139.61
Ecuador,Potatoes,2017,127740,37808.0,2274.0,155.11
Ecuador,Potatoes,2018,121816,37408.2,2274.0,176.33
Ecuador,Potatoes,2019,139946,34081.3,2274.0,155.07999999999998
Egypt,Potatoes,2009,264241,9013.0,18.1,377.66
Egypt,Potatoes,2010,259211,11590.0,18.1,370.47
Egypt,Potatoes,2011,264311,12945.0,18.1,390.62
Egypt,Potatoes,2012,268531,13991.0,18.1,354.38000000000005
Egypt,Potatoes,2013,266276,13653.0,18.1,389.58
Egypt,Potatoes,2014,268077,11363.0,18.1,388.7000000000001
Egypt,Potatoes,2015,269646,8043.71,18.1,430.62
Egypt,Potatoes,2016,259936,11523.61,18.1,423.97
Egypt,Potatoes,2017,277724,8107.45,18.1,435.76
Egypt,Potatoes,2018,289282,11352.49,18.1,412.41
Egypt,Potatoes,2019,292876,13024.0,18.1,406.2
El Salvador,Potatoes,2009,252417,3333.88,1784.0,91.42
El Salvador,Potatoes,2010,252796,3598.59,1784.0,138.53
El Salvador,Potatoes,2011,196316,3231.13,1784.0,147.89999999999998
El Salvador,Potatoes,2012,295706,2595.16,1784.0,116.74
El Salvador,Potatoes,2013,426047,6005.08,1784.0,117.5
El Salvador,Potatoes,2014,262530,5638.23,1784.0,78.72
El Salvador,Potatoes,2015,260109,1747.35,1784.0,92.74
El Salvador,Potatoes,2016,255355,1419.2,1784.0,77.09
El Salvador,Potatoes,2017,292208,3133.73,1784.0,73.0
El Salvador,Potatoes,2018,291686,2955.68,1784.0,94.09
El Salvador,Potatoes,2019,263801,2525.72,1784.0,48.6
Estonia,Potatoes,2009,152752,402.0,626.0,68.48
Estonia,Potatoes,2010,174562,514.0,626.0,67.64
Estonia,Potatoes,2011,178361,460.0,626.0,70.73
Estonia,Potatoes,2012,182175,553.0,626.0,80.19
Estonia,Potatoes,2013,193558,567.0,626.0,81.97
Estonia,Potatoes,2014,183281,597.0,626.0,84.94999999999999
Estonia,Potatoes,2015,202069,594.0,626.0,82.31
Estonia,Potatoes,2016,159210,712.0,626.0,78.96000000000001
Estonia,Potatoes,2017,169232,673.97,626.0,87.03
Estonia,Potatoes,2018,177462,636.08,626.0,87.49000000000001
Estonia,Potatoes,2019,235676,776.62,626.0,89.36000000000001
Fiji,Potatoes,2009,79438,709.7,2592.0,24.9
Fiji,Potatoes,2010,71774,689.97,2592.0,18.47
Fiji,Potatoes,2011,71085,710.1,2592.0,40.27
Fiji,Potatoes,2012,65000,805.54,2592.0,32.99
Fiji,Potatoes,2013,60909,769.07,2592.0,38.88
Fiji,Potatoes,2014,68506,1013.12,2592.0,40.77
Fiji,Potatoes,2015,120000,515.81,2592.0,61.67
Fiji,Potatoes,2016,120000,813.85,2592.0,53.53
Fiji,Potatoes,2017,120000,721.33,2592.0,61.03
Fiji,Potatoes,2018,120000,1233.15,2592.0,44.87
Fiji,Potatoes,2019,150000,618.92,2592.0,44.02
Finland,Potatoes,2009,286098,4804.83,536.0,76.63000000000001
Finland,Potatoes,2010,261548,3806.97,536.0,100.35
Finland,Potatoes,2011,275943,4043.94,536.0,86.03
Finland,Potatoes,2012,236522,4283.01,536.0,86.09
Finland,Potatoes,2013,281312,4475.97,536.0,87.22
Finland,Potatoes,2014,272864,4436.73,536.0,92.61
Finland,Potatoes,2015,242968,4919.12,536.0,89.07
Finland,Potatoes,2016,270783,4376.75,536.0,86.05
Finland,Potatoes,2017,288632,4243.0,536.0,89.42
Finland,Potatoes,2018,280514,4817.0,536.0,91.5
Finland,Potatoes,2019,289206,3980.0,536.0,95.07
France,Potatoes,2009,437856,63676.0,867.0,114.14
France,Potatoes,2010,421566,61903.0,867.0,142.66000000000005
France,Potatoes,2011,468991,61351.89,867.0,133.91
France,Potatoes,2012,413769,63844.29,867.0,152.42
France,Potatoes,2013,431560,66676.69,867.0,160.67
France,Potatoes,2014,479779,75339.2,867.0,159.76000000000002
France,Potatoes,2015,425052,66896.92,867.0,161.77
France,Potatoes,2016,388267,72064.82,867.0,154.77999999999997
France,Potatoes,2017,440460,70603.5,867.0,168.51
France,Potatoes,2018,393886,85072.22,867.0,162.73000000000002
France,Potatoes,2019,413227,54366.97,867.0,148.37
Georgia,Potatoes,2009,120444,3081.1,1026.0,37.52
Georgia,Potatoes,2010,110531,3081.1,1026.0,35.61
Georgia,Potatoes,2011,135594,3081.1,1026.0,34.95
Georgia,Potatoes,2012,98054,3081.1,1026.0,43.41
Georgia,Potatoes,2013,114517,3081.1,1026.0,55.92
Georgia,Potatoes,2014,118950,3081.1,1026.0,52.78
Georgia,Potatoes,2015,85550,1350.98,1026.0,49.620000000000005
Georgia,Potatoes,2016,124500,1481.03,1026.0,56.92
Georgia,Potatoes,2017,91421,1738.19,1026.0,47.77
Georgia,Potatoes,2018,126330,2237.26,1026.0,49.27
Georgia,Potatoes,2019,119448,2565.94,1026.0,48.65
Germany,Potatoes,2009,443045,39289.43,700.0,178.42000000000002
Germany,Potatoes,2010,398758,40832.42,700.0,208.1
Germany,Potatoes,2011,457565,44429.92,700.0,188.31
Germany,Potatoes,2012,447570,46204.26,700.0,195.61
Germany,Potatoes,2013,398258,44039.03,700.0,200.1
Germany,Potatoes,2014,474154,46777.65,700.0,214.03
Germany,Potatoes,2015,438116,48002.64,700.0,198.84
Germany,Potatoes,2016,444027,47027.57,700.0,193.93
Germany,Potatoes,2017,467864,48420.18,700.0,175.16
Germany,Potatoes,2018,353719,45079.86,700.0,163.7
Germany,Potatoes,2019,390361,45301.23,700.0,171.20000000000002
Greece,Potatoes,2009,207007,3404.4,652.0,75.15
Greece,Potatoes,2010,206835,5607.7,652.0,87.46000000000001
Greece,Potatoes,2011,202160,8189.8,652.0,75.89999999999999
Greece,Potatoes,2012,199165,8002.2,652.0,75.47
Greece,Potatoes,2013,206787,8081.72,652.0,80.97999999999999
Greece,Potatoes,2014,235796,9504.13,652.0,82.24000000000001
Greece,Potatoes,2015,247831,9018.87,652.0,78.22999999999999
Greece,Potatoes,2016,237041,9200.0,652.0,82.63000000000001
Greece,Potatoes,2017,252365,8503.0,652.0,86.33
Greece,Potatoes,2018,276750,4869.36,652.0,89.44
Greece,Potatoes,2019,294803,4890.64,652.0,93.53
Guatemala,Potatoes,2009,252535,13276.7,1996.0,72.46
Guatemala,Potatoes,2010,252547,14898.25,1996.0,104.45
Guatemala,Potatoes,2011,255064,16540.71,1996.0,118.48
Guatemala,Potatoes,2012,249536,19726.3,1996.0,136.57999999999998
Guatemala,Potatoes,2013,247554,20489.4,1996.0,140.22
Guatemala,Potatoes,2014,249561,11438.92,1996.0,139.48
Guatemala,Potatoes,2015,252537,10040.41,1996.0,143.48000000000002
Guatemala,Potatoes,2016,256849,11444.49,1996.0,127.78
Guatemala,Potatoes,2017,256336,11302.12,1996.0,151.68
Guatemala,Potatoes,2018,257181,11841.7,1996.0,151.01
Guatemala,Potatoes,2019,258436,11001.99,1996.0,133.09
Guinea,Potatoes,2009,89880,449.26,1651.0,0.51
Guinea,Potatoes,2010,59840,556.24,1651.0,0.75
Guinea,Potatoes,2011,56960,663.23,1651.0,2.89
Guinea,Potatoes,2012,68229,770.21,1651.0,2.37
Guinea,Potatoes,2013,75236,877.19,1651.0,2.34
Guinea,Potatoes,2014,116370,400.65,1651.0,0.8300000000000001
Guinea,Potatoes,2015,130748,282.3,1651.0,0.7300000000000001
Guinea,Potatoes,2016,261481,163.96,1651.0,0.62
Guinea,Potatoes,2017,171064,206.3,1651.0,6.95
Guinea,Potatoes,2018,128755,108.5,1651.0,5.59
Guinea,Potatoes,2019,119998,110.5,1651.0,5.59
Honduras,Potatoes,2009,166654,4344.36,1976.0,44.05
Honduras,Potatoes,2010,146252,5736.63,1976.0,58.13
Honduras,Potatoes,2011,159629,6324.41,1976.0,87.49
Honduras,Potatoes,2012,142073,7194.91,1976.0,70.41000000000001
Honduras,Potatoes,2013,163866,7282.38,1976.0,80.89
Honduras,Potatoes,2014,141667,7604.05,1976.0,91.37
Honduras,Potatoes,2015,141667,8113.5,1976.0,86.08
Honduras,Potatoes,2016,141667,7529.13,1976.0,107.22
Honduras,Potatoes,2017,148632,8153.23,1976.0,118.13
Honduras,Potatoes,2018,148066,8782.61,1976.0,131.01999999999998
Honduras,Potatoes,2019,150763,8214.39,1976.0,100.43
Hungary,Potatoes,2009,251082,11144.0,589.0,74.34
Hungary,Potatoes,2010,217319,10299.5,589.0,80.87
Hungary,Potatoes,2011,285714,8473.26,589.0,89.56
Hungary,Potatoes,2012,218385,8141.23,589.0,95.65
Hungary,Potatoes,2013,232630,7767.34,589.0,108.95999999999998
Hungary,Potatoes,2014,270462,9003.86,589.0,108.17
Hungary,Potatoes,2015,241264,9483.76,589.0,109.6
Hungary,Potatoes,2016,261659,9763.86,589.0,132.76000000000002
Hungary,Potatoes,2017,246182,9756.22,589.0,146.42
Hungary,Potatoes,2018,242472,8535.05,589.0,145.06
Hungary,Potatoes,2019,258495,7814.98,589.0,140.42000000000002
Iceland,Potatoes,2009,133427,4.37,1940.0,123.85
Iceland,Potatoes,2010,175000,2.73,1940.0,148.70999999999998
Iceland,Potatoes,2011,139961,3.43,1940.0,159.17000000000002
Iceland,Potatoes,2012,192079,3.14,1940.0,176.48999999999998
Iceland,Potatoes,2013,120000,2.41,1940.0,168.81
Iceland,Potatoes,2014,138333,3.88,1940.0,201.73
Iceland,Potatoes,2015,150833,4.08,1940.0,147.75
Iceland,Potatoes,2016,165500,3.0,1940.0,181.53
Iceland,Potatoes,2017,150000,2.0,1940.0,148.01
Iceland,Potatoes,2018,100333,2.0,1940.0,136.27999999999997
Iceland,Potatoes,2019,136667,0.98,1940.0,117.68
India,Potatoes,2009,188103,28707.01,1083.0,155.82
India,Potatoes,2010,199299,40093.69,1083.0,166.11
India,Potatoes,2011,227240,55540.0,1083.0,167.52
India,Potatoes,2012,217530,52980.0,1083.0,150.8
India,Potatoes,2013,227606,45620.0,1083.0,144.49
India,Potatoes,2014,229224,56267.67,1083.0,150.95999999999998
India,Potatoes,2015,231257,56720.12,1083.0,157.91000000000005
India,Potatoes,2016,205087,58634.43,1083.0,153.25
India,Potatoes,2017,223061,63405.78,1083.0,157.44
India,Potatoes,2018,239542,59669.93,1083.0,162.20000000000002
India,Potatoes,2019,230971,61701.9,1083.0,171.76
Indonesia,Potatoes,2009,165123,260714.84,2702.0,96.11
Indonesia,Potatoes,2010,159445,313639.25,2702.0,96.04
Indonesia,Potatoes,2011,159562,206061.7,2702.0,102.48
Indonesia,Potatoes,2012,165820,254912.71,2702.0,127.26
Indonesia,Potatoes,2013,160184,314990.4,2702.0,117.84
Indonesia,Potatoes,2014,176668,253450.88,2702.0,129.65
Indonesia,Potatoes,2015,182027,313069.12,2702.0,131.59
Indonesia,Potatoes,2016,182549,349797.63,2702.0,120.58
Indonesia,Potatoes,2017,154044,279005.69,2702.0,130.11
Indonesia,Potatoes,2018,187056,261305.81,2702.0,135.07
Indonesia,Potatoes,2019,192701,274421.03,2702.0,114.93
Iraq,Potatoes,2009,113307,850.42,216.0,57.07
Iraq,Potatoes,2010,157177,744.33,216.0,32.51
Iraq,Potatoes,2011,137820,638.24,216.0,36.95
Iraq,Potatoes,2012,134713,532.15,216.0,46.7
Iraq,Potatoes,2013,170599,426.05,216.0,47.5
Iraq,Potatoes,2014,156264,396.0,216.0,18.59
Iraq,Potatoes,2015,266114,196.75,216.0,14.740000000000002
Iraq,Potatoes,2016,245181,151.46,216.0,27.42
Iraq,Potatoes,2017,277621,214.79,216.0,47.93
Iraq,Potatoes,2018,269832,283.99,216.0,52.22
Iraq,Potatoes,2019,279585,283.99,216.0,52.22
Ireland,Potatoes,2009,275492,2268.1,1118.0,282.49
Ireland,Potatoes,2010,343934,2529.2,1118.0,270.35
Ireland,Potatoes,2011,342404,3713.76,1118.0,256.9
Ireland,Potatoes,2012,257778,2801.78,1118.0,291.98
Ireland,Potatoes,2013,383271,2935.81,1118.0,286.43
Ireland,Potatoes,2014,403158,3392.34,1118.0,317.21000000000004
Ireland,Potatoes,2015,423647,3503.61,1118.0,330.81
Ireland,Potatoes,2016,391111,3112.53,1118.0,317.37
Ireland,Potatoes,2017,449314,2942.02,1118.0,355.36
Ireland,Potatoes,2018,331725,2651.36,1118.0,404.82
Ireland,Potatoes,2019,441027,2971.77,1118.0,351.82
Israel,Potatoes,2009,320438,6650.0,435.0,159.43
Israel,Potatoes,2010,338987,6753.0,435.0,163.39
Israel,Potatoes,2011,340561,6124.0,435.0,197.34
Israel,Potatoes,2012,364216,6009.0,435.0,212.85
Israel,Potatoes,2013,342024,6005.0,435.0,222.46
Israel,Potatoes,2014,357683,6335.0,435.0,199.65
Israel,Potatoes,2015,319145,6367.0,435.0,183.81
Israel,Potatoes,2016,340684,6093.0,435.0,211.23
Israel,Potatoes,2017,346667,6881.0,435.0,184.17
Israel,Potatoes,2018,347882,7322.0,435.0,190.98
Israel,Potatoes,2019,375291,6983.0,435.0,182.9
Italy,Potatoes,2009,248352,74172.0,832.0,87.72
Italy,Potatoes,2010,249684,71613.0,832.0,89.76
Italy,Potatoes,2011,249158,70690.0,832.0,97.68
Italy,Potatoes,2012,254511,61889.0,832.0,91.21
Italy,Potatoes,2013,252483,55633.0,832.0,97.14
Italy,Potatoes,2014,260834,59422.0,832.0,93.36
Italy,Potatoes,2015,271561,63322.0,832.0,97.85
Italy,Potatoes,2016,284374,60259.0,832.0,96.26
Italy,Potatoes,2017,277313,56641.0,832.0,95.32
Italy,Potatoes,2018,281628,54153.0,832.0,95.29
Italy,Potatoes,2019,285928,48567.0,832.0,94.87
Jamaica,Potatoes,2009,169416,1252.09,2051.0,31.74
Jamaica,Potatoes,2010,142411,1034.18,2051.0,34.96
Jamaica,Potatoes,2011,190236,1108.54,2051.0,39.73
Jamaica,Potatoes,2012,165440,1278.96,2051.0,48.77
Jamaica,Potatoes,2013,165914,1218.48,2051.0,46.4
Jamaica,Potatoes,2014,169498,1138.79,2051.0,64.35000000000001
Jamaica,Potatoes,2015,164544,1051.14,2051.0,21.12
Jamaica,Potatoes,2016,167226,1409.14,2051.0,31.94
Jamaica,Potatoes,2017,165043,1560.62,2051.0,37.0
Jamaica,Potatoes,2018,144202,1761.15,2051.0,36.75
Jamaica,Potatoes,2019,158758,1500.4,2051.0,43.44
Japan,Potatoes,2009,295909,60970.8,1668.0,194.24
Japan,Potatoes,2010,277576,55576.0,1668.0,237.83
Japan,Potatoes,2011,294691,51796.3,1668.0,233.02
Japan,Potatoes,2012,307882,54716.4,1668.0,235.98
Japan,Potatoes,2013,302133,52794.3,1668.0,228.47
Japan,Potatoes,2014,313665,53543.7,1668.0,236.61
Japan,Potatoes,2015,315550,54171.16,1668.0,210.74
Japan,Potatoes,2016,284845,51006.0,1668.0,220.87000000000003
Japan,Potatoes,2017,310233,52248.0,1668.0,227.75000000000003
Japan,Potatoes,2018,295425,52332.0,1668.0,221.15
Japan,Potatoes,2019,322446,51970.0,1668.0,222.31
Jordan,Potatoes,2009,312382,1089.5,111.0,74.91
Jordan,Potatoes,2010,301761,932.8,111.0,89.13
Jordan,Potatoes,2011,367856,1111.9,111.0,89.02
Jordan,Potatoes,2012,234470,708.0,111.0,77.58
Jordan,Potatoes,2013,303332,1010.0,111.0,96.18
Jordan,Potatoes,2014,319430,719.0,111.0,68.28
Jordan,Potatoes,2015,259545,666.0,111.0,128.29
Jordan,Potatoes,2016,400447,1028.0,111.0,82.27000000000001
Jordan,Potatoes,2017,388321,1291.4,111.0,94.46
Jordan,Potatoes,2018,403113,675.0,111.0,81.92999999999999
Jordan,Potatoes,2019,378659,1862.0,111.0,81.92
Kazakhstan,Potatoes,2009,162092,8716.14,250.0,1.97
Kazakhstan,Potatoes,2010,143194,6283.85,250.0,2.03
Kazakhstan,Potatoes,2011,167176,10656.6,250.0,2.98
Kazakhstan,Potatoes,2012,165927,8674.58,250.0,4.4
Kazakhstan,Potatoes,2013,181522,8738.38,250.0,2.88
Kazakhstan,Potatoes,2014,184251,11158.77,250.0,3.9300000000000006
Kazakhstan,Potatoes,2015,185500,10588.9,250.0,4.2700000000000005
Kazakhstan,Potatoes,2016,190381,10372.1,250.0,3.83
Kazakhstan,Potatoes,2017,194161,13811.1,250.0,5.31
Kazakhstan,Potatoes,2018,197945,13058.0,250.0,4.03
Kazakhstan,Potatoes,2019,203408,13102.4,250.0,2.91
Kenya,Potatoes,2009,191199,2181.52,630.0,31.28
Kenya,Potatoes,2010,224279,2757.77,630.0,29.97
Kenya,Potatoes,2011,191690,3143.67,630.0,36.28
Kenya,Potatoes,2012,203389,3970.66,630.0,43.38
Kenya,Potatoes,2013,144262,4476.33,630.0,51.85
Kenya,Potatoes,2014,140655,4660.68,630.0,43.73
Kenya,Potatoes,2015,147043,4764.24,630.0,35.63
Kenya,Potatoes,2016,91520,4773.06,630.0,44.34
Kenya,Potatoes,2017,91858,5293.41,630.0,57.8
Kenya,Potatoes,2018,86067,6073.6,630.0,44.1
Kenya,Potatoes,2019,92919,6587.2,630.0,52.49
Kuwait,Potatoes,2009,280945,1126.94,121.0,64.52
Kuwait,Potatoes,2010,281186,1222.75,121.0,142.75
Kuwait,Potatoes,2011,402467,1536.94,121.0,280.99
Kuwait,Potatoes,2012,359853,1969.43,121.0,292.88
Kuwait,Potatoes,2013,267429,2262.97,121.0,325.9
Kuwait,Potatoes,2014,416224,2384.53,121.0,458.57
Kuwait,Potatoes,2015,752987,2034.18,121.0,692.15
Kuwait,Potatoes,2016,272969,1449.71,121.0,600.41
Kuwait,Potatoes,2017,623747,1030.47,121.0,640.87
Kuwait,Potatoes,2018,623270,1110.0,121.0,641.13
Kuwait,Potatoes,2019,474210,1341.3,121.0,586.8
Kyrgyzstan,Potatoes,2009,159993,266.8,533.0,20.84
Kyrgyzstan,Potatoes,2010,159644,350.1,533.0,21.41
Kyrgyzstan,Potatoes,2011,162543,312.9,533.0,18.1
Kyrgyzstan,Potatoes,2012,161034,365.1,533.0,22.97
Kyrgyzstan,Potatoes,2013,165456,341.1,533.0,25.9
Kyrgyzstan,Potatoes,2014,167406,402.6,533.0,30.23
Kyrgyzstan,Potatoes,2015,167642,516.0,533.0,9.83
Kyrgyzstan,Potatoes,2016,168994,533.0,533.0,11.99
Kyrgyzstan,Potatoes,2017,170537,560.0,533.0,7.27
Kyrgyzstan,Potatoes,2018,171342,608.0,533.0,20.03
Kyrgyzstan,Potatoes,2019,173444,677.3,533.0,21.39
Latvia,Potatoes,2009,175133,881.2,667.0,64.55
Latvia,Potatoes,2010,160797,1027.5,667.0,77.19
Latvia,Potatoes,2011,168013,1074.01,667.0,82.73
Latvia,Potatoes,2012,191099,1281.04,667.0,91.1
Latvia,Potatoes,2013,181648,1250.5,667.0,100.16
Latvia,Potatoes,2014,188690,1417.41,667.0,100.62
Latvia,Potatoes,2015,200500,1510.15,667.0,104.2
Latvia,Potatoes,2016,212814,1724.62,667.0,103.56
Latvia,Potatoes,2017,189907,1478.43,667.0,102.85
Latvia,Potatoes,2018,198182,1586.99,667.0,100.54
Latvia,Potatoes,2019,223700,1650.67,667.0,104.85
Lebanon,Potatoes,2009,224868,1816.0,661.0,78.19
Lebanon,Potatoes,2010,237974,1816.0,661.0,106.3
Lebanon,Potatoes,2011,239130,1816.0,661.0,169.51
Lebanon,Potatoes,2012,233333,1816.0,661.0,123.02
Lebanon,Potatoes,2013,260759,1816.0,661.0,106.13
Lebanon,Potatoes,2014,252295,1816.0,661.0,111.17
Lebanon,Potatoes,2015,260750,1816.0,661.0,133.29
Lebanon,Potatoes,2016,285948,1816.0,661.0,130.5
Lebanon,Potatoes,2017,292552,1816.0,661.0,147.26999999999998
Lebanon,Potatoes,2018,275672,1816.0,661.0,138.83
Lebanon,Potatoes,2019,272304,1816.0,661.0,139.81
Libya,Potatoes,2009,194798,2264.6,56.0,28.11
Libya,Potatoes,2010,194306,2312.48,56.0,32.26
Libya,Potatoes,2011,189247,1942.03,56.0,39.46
Libya,Potatoes,2012,189474,1719.23,56.0,40.16
Libya,Potatoes,2013,196667,1496.43,56.0,30.31
Libya,Potatoes,2014,200584,1273.63,56.0,19.23
Libya,Potatoes,2015,198282,1050.82,56.0,13.15
Libya,Potatoes,2016,195802,842.59,56.0,13.12
Libya,Potatoes,2017,198071,754.82,56.0,21.86
Libya,Potatoes,2018,199659,1052.6,56.0,13.76
Libya,Potatoes,2019,198050,1410.08,56.0,15.63
Lithuania,Potatoes,2009,142167,2748.8,656.0,101.07999999999998
Lithuania,Potatoes,2010,130301,1803.77,656.0,102.49
Lithuania,Potatoes,2011,155889,2062.34,656.0,103.31
Lithuania,Potatoes,2012,170776,2559.9,656.0,105.57
Lithuania,Potatoes,2013,148606,2515.69,656.0,108.1
Lithuania,Potatoes,2014,171612,2545.5,656.0,110.15
Lithuania,Potatoes,2015,169832,2737.7,656.0,120.63
Lithuania,Potatoes,2016,158985,3337.0,656.0,129.76
Lithuania,Potatoes,2017,122498,2994.0,656.0,138.76999999999998
Lithuania,Potatoes,2018,155056,2050.0,656.0,131.28
Lithuania,Potatoes,2019,180999,2317.72,656.0,134.94
Luxembourg,Potatoes,2009,331854,154.25,934.0,238.56
Luxembourg,Potatoes,2010,317577,154.25,934.0,252.09
Luxembourg,Potatoes,2011,309906,154.25,934.0,264.19
Luxembourg,Potatoes,2012,343333,203.17,934.0,252.2
Luxembourg,Potatoes,2013,292333,157.0,934.0,241.67
Luxembourg,Potatoes,2014,312442,143.68,934.0,234.94
Luxembourg,Potatoes,2015,227561,137.6,934.0,236.83
Luxembourg,Potatoes,2016,304471,159.93,934.0,255.75
Luxembourg,Potatoes,2017,342368,139.5,934.0,246.06
Luxembourg,Potatoes,2018,257302,139.61,934.0,228.93
Luxembourg,Potatoes,2019,255500,133.04,934.0,239.66
Madagascar,Potatoes,2009,59915,143.9,1513.0,2.17
Madagascar,Potatoes,2010,58929,241.89,1513.0,2.48
Madagascar,Potatoes,2011,58971,310.36,1513.0,3.51
Madagascar,Potatoes,2012,59308,377.71,1513.0,5.869999999999999
Madagascar,Potatoes,2013,59431,507.94,1513.0,4.0
Madagascar,Potatoes,2014,59508,453.91,1513.0,7.28
Madagascar,Potatoes,2015,59685,401.39,1513.0,6.28
Madagascar,Potatoes,2016,59687,493.54,1513.0,4.99
Madagascar,Potatoes,2017,59739,642.78,1513.0,10.83
Madagascar,Potatoes,2018,59838,705.85,1513.0,10.5
Madagascar,Potatoes,2019,60048,746.05,1513.0,9.95
Malawi,Potatoes,2009,161923,736.25,1181.0,29.700000000000003
Malawi,Potatoes,2010,160600,584.12,1181.0,34.13
Malawi,Potatoes,2011,159930,553.57,1181.0,28.45
Malawi,Potatoes,2012,172009,775.83,1181.0,24.74
Malawi,Potatoes,2013,175414,1500.27,1181.0,27.66
Malawi,Potatoes,2014,174729,2358.01,1181.0,37.67999999999999
Malawi,Potatoes,2015,172870,2358.01,1181.0,40.41
Malawi,Potatoes,2016,165504,2358.01,1181.0,23.21
Malawi,Potatoes,2017,184164,2358.01,1181.0,33.7
Malawi,Potatoes,2018,165247,2358.01,1181.0,34.03
Malawi,Potatoes,2019,158310,2358.01,1181.0,30.87
Mali,Potatoes,2009,237913,8.44,282.0,17.23
Mali,Potatoes,2010,221344,8.09,282.0,18.07
Mali,Potatoes,2011,204721,6.83,282.0,8.84
Mali,Potatoes,2012,198838,3.75,282.0,8.44
Mali,Potatoes,2013,193146,3.75,282.0,14.25
Mali,Potatoes,2014,184290,3.75,282.0,20.56
Mali,Potatoes,2015,189750,3.75,282.0,26.87
Mali,Potatoes,2016,199724,3.75,282.0,33.16
Mali,Potatoes,2017,214092,3.75,282.0,24.18
Mali,Potatoes,2018,227118,3.75,282.0,24.18
Mali,Potatoes,2019,225319,3.75,282.0,24.17
Malta,Potatoes,2009,143843,113.68,560.0,49.36
Malta,Potatoes,2010,221698,110.19,560.0,69.78999999999999
Malta,Potatoes,2011,269886,106.7,560.0,81.78
Malta,Potatoes,2012,181041,137.87,560.0,67.75
Malta,Potatoes,2013,180629,134.93,560.0,71.53
Malta,Potatoes,2014,179414,110.13,560.0,71.79
Malta,Potatoes,2015,114526,128.72,560.0,80.88
Malta,Potatoes,2016,97500,94.65,560.0,81.39
Malta,Potatoes,2017,124857,107.59,560.0,81.60999999999999
Malta,Potatoes,2018,135652,90.05,560.0,78.05
Malta,Potatoes,2019,130290,75.6,560.0,84.01
Mauritius,Potatoes,2009,231096,894.07,2041.0,217.11
Mauritius,Potatoes,2010,203649,916.52,2041.0,155.43
Mauritius,Potatoes,2011,213264,887.38,2041.0,231.36
Mauritius,Potatoes,2012,233356,810.11,2041.0,261.11
Mauritius,Potatoes,2013,236026,857.41,2041.0,235.59
Mauritius,Potatoes,2014,236346,843.62,2041.0,297.43
Mauritius,Potatoes,2015,232348,907.29,2041.0,174.52999999999997
Mauritius,Potatoes,2016,213412,917.04,2041.0,259.42
Mauritius,Potatoes,2017,198930,530.02,2041.0,244.56
Mauritius,Potatoes,2018,236898,771.49,2041.0,177.64
Mauritius,Potatoes,2019,207591,754.73,2041.0,184.88
Mexico,Potatoes,2009,277374,50327.9,758.0,61.52
Mexico,Potatoes,2010,277578,52305.13,758.0,64.8
Mexico,Potatoes,2011,262734,53219.63,758.0,75.49000000000001
Mexico,Potatoes,2012,268098,49213.67,758.0,75.87
Mexico,Potatoes,2013,267752,47551.15,758.0,82.83
Mexico,Potatoes,2014,273384,43028.74,758.0,80.72
Mexico,Potatoes,2015,271435,48292.99,758.0,72.47
Mexico,Potatoes,2016,279260,47421.33,758.0,89.7
Mexico,Potatoes,2017,289505,50801.94,758.0,93.32999999999998
Mexico,Potatoes,2018,298920,53144.44,758.0,94.68
Mexico,Potatoes,2019,305241,48989.2,758.0,94.31
Mongolia,Potatoes,2009,111801,115.7,241.0,6.21
Mongolia,Potatoes,2010,121584,115.7,241.0,8.95
Mongolia,Potatoes,2011,131139,115.7,241.0,10.78
Mongolia,Potatoes,2012,146207,115.7,241.0,12.8
Mongolia,Potatoes,2013,123601,115.7,241.0,19.65
Mongolia,Potatoes,2014,122294,115.7,241.0,14.62
Mongolia,Potatoes,2015,127550,115.7,241.0,17.400000000000002
Mongolia,Potatoes,2016,110041,115.7,241.0,19.44
Mongolia,Potatoes,2017,93323,115.7,241.0,27.67
Mongolia,Potatoes,2018,132194,115.7,241.0,31.65
Mongolia,Potatoes,2019,112853,115.7,241.0,35.099999999999994
Morocco,Potatoes,2009,195328,13697.0,346.0,36.68
Morocco,Potatoes,2010,283502,13697.0,346.0,49.17
Morocco,Potatoes,2011,297584,13697.0,346.0,50.67
Morocco,Potatoes,2012,279800,13697.0,346.0,48.78
Morocco,Potatoes,2013,363561,13697.0,346.0,53.92
Morocco,Potatoes,2014,307171,13697.0,346.0,59.72
Morocco,Potatoes,2015,298292,13697.0,346.0,58.42
Morocco,Potatoes,2016,293368,13697.0,346.0,32.47
Morocco,Potatoes,2017,299390,13697.0,346.0,50.62
Morocco,Potatoes,2018,301315,13697.0,346.0,52.14
Morocco,Potatoes,2019,313262,13697.0,346.0,52.3
Mozambique,Potatoes,2009,69417,914.98,1032.0,3.84
Mozambique,Potatoes,2010,70036,1189.02,1032.0,7.779999999999999
Mozambique,Potatoes,2011,70654,768.85,1032.0,6.98
Mozambique,Potatoes,2012,71273,729.84,1032.0,5.34
Mozambique,Potatoes,2013,71891,690.83,1032.0,5.620000000000001
Mozambique,Potatoes,2014,72509,651.82,1032.0,7.159999999999999
Mozambique,Potatoes,2015,73128,612.8,1032.0,4.33
Mozambique,Potatoes,2016,73746,573.79,1032.0,4.34
Mozambique,Potatoes,2017,77435,534.78,1032.0,4.88
Mozambique,Potatoes,2018,84886,534.78,1032.0,6.38
Mozambique,Potatoes,2019,86162,534.78,1032.0,6.38
Myanmar,Potatoes,2009,145739,1091.08,2091.0,5.54
Myanmar,Potatoes,2010,145071,3340.09,2091.0,5.880000000000001
Myanmar,Potatoes,2011,149257,4642.42,2091.0,13.2
Myanmar,Potatoes,2012,149648,3044.78,2091.0,13.73
Myanmar,Potatoes,2013,148291,2898.2,2091.0,17.13
Myanmar,Potatoes,2014,148895,5417.8,2091.0,21.36
Myanmar,Potatoes,2015,152148,7690.63,2091.0,11.7
Myanmar,Potatoes,2016,151724,12092.0,2091.0,16.47
Myanmar,Potatoes,2017,152866,17274.0,2091.0,34.08
Myanmar,Potatoes,2018,152997,15326.0,2091.0,43.43000000000001
Myanmar,Potatoes,2019,154943,17337.49,2091.0,55.9
Namibia,Potatoes,2009,130495,598.35,285.0,1.57
Namibia,Potatoes,2010,121392,656.75,285.0,4.38
Namibia,Potatoes,2011,120039,576.76,285.0,6.53
Namibia,Potatoes,2012,121309,617.66,285.0,14.86
Namibia,Potatoes,2013,121314,777.85,285.0,10.74
Namibia,Potatoes,2014,120502,823.84,285.0,6.07
Namibia,Potatoes,2015,120627,931.12,285.0,13.58
Namibia,Potatoes,2016,120787,804.17,285.0,25.790000000000003
Namibia,Potatoes,2017,120639,861.24,285.0,24.73
Namibia,Potatoes,2018,120681,836.42,285.0,26.93
Namibia,Potatoes,2019,120701,878.1,285.0,25.200000000000003
Nepal,Potatoes,2009,133263,209.52,1500.0,17.060000000000002
Nepal,Potatoes,2010,135841,332.01,1500.0,23.45
Nepal,Potatoes,2011,137352,342.92,1500.0,33.22
Nepal,Potatoes,2012,135837,410.32,1500.0,24.31
Nepal,Potatoes,2013,136408,454.53,1500.0,49.49
Nepal,Potatoes,2014,136955,549.17,1500.0,61.23
Nepal,Potatoes,2015,131259,573.97,1500.0,67.35000000000001
Nepal,Potatoes,2016,140299,632.75,1500.0,67.87
Nepal,Potatoes,2017,138631,691.53,1500.0,59.53999999999999
Nepal,Potatoes,2018,158142,750.31,1500.0,78.97
Nepal,Potatoes,2019,160464,809.09,1500.0,79.32000000000001
New Zealand,Potatoes,2009,478154,5285.2,1732.0,87.45
New Zealand,Potatoes,2010,495751,5285.2,1732.0,91.13
New Zealand,Potatoes,2011,491106,5285.2,1732.0,104.49
New Zealand,Potatoes,2012,485714,5285.2,1732.0,98.59
New Zealand,Potatoes,2013,484404,5285.2,1732.0,90.65
New Zealand,Potatoes,2014,487171,5285.2,1732.0,97.53
New Zealand,Potatoes,2015,492570,5285.2,1732.0,119.11
New Zealand,Potatoes,2016,496904,5285.2,1732.0,104.87
New Zealand,Potatoes,2017,499665,5285.2,1732.0,122.35
New Zealand,Potatoes,2018,501932,5285.2,1732.0,119.7
New Zealand,Potatoes,2019,506206,5285.2,1732.0,113.54
Nicaragua,Potatoes,2009,134615,9387.95,2280.0,29.43
Nicaragua,Potatoes,2010,134615,12242.19,2280.0,29.13
Nicaragua,Potatoes,2011,168339,4932.05,2280.0,43.09
Nicaragua,Potatoes,2012,169329,4413.82,2280.0,42.080000000000005
Nicaragua,Potatoes,2013,170847,6705.5,2280.0,28.92
Nicaragua,Potatoes,2014,168742,6826.97,2280.0,42.81
Nicaragua,Potatoes,2015,186415,7845.9,2280.0,48.580000000000005
Nicaragua,Potatoes,2016,169350,7682.29,2280.0,49.72
Nicaragua,Potatoes,2017,175376,7902.15,2280.0,71.78
Nicaragua,Potatoes,2018,192464,6993.7,2280.0,48.94
Nicaragua,Potatoes,2019,196065,7808.1,2280.0,48.69
Niger,Potatoes,2009,172504,7.32,151.0,0.36
Niger,Potatoes,2010,172580,11.49,151.0,0.5
Niger,Potatoes,2011,161890,10.59,151.0,0.48
Niger,Potatoes,2012,242957,21.37,151.0,0.92
Niger,Potatoes,2013,256815,27.94,151.0,0.6300000000000001
Niger,Potatoes,2014,276043,34.51,151.0,0.99
Niger,Potatoes,2015,285957,41.09,151.0,0.4
Niger,Potatoes,2016,288323,47.66,151.0,0.39
Niger,Potatoes,2017,293374,32.76,151.0,0.38
Niger,Potatoes,2018,297204,17.86,151.0,0.38
Niger,Potatoes,2019,300780,22.13,151.0,0.6900000000000001
Nigeria,Potatoes,2009,40000,18095.71,1150.0,4.34
Nigeria,Potatoes,2010,38584,26872.77,1150.0,10.15
Nigeria,Potatoes,2011,34906,31079.27,1150.0,5.48
Nigeria,Potatoes,2012,36015,33968.12,1150.0,7.28
Nigeria,Potatoes,2013,36252,40668.25,1150.0,7.380000000000001
Nigeria,Potatoes,2014,37039,36120.96,1150.0,7.779999999999999
Nigeria,Potatoes,2015,38934,31255.23,1150.0,6.930000000000001
Nigeria,Potatoes,2016,36822,26751.43,1150.0,9.35
Nigeria,Potatoes,2017,38768,36466.57,1150.0,17.69
Nigeria,Potatoes,2018,37318,47121.31,1150.0,16.54
Nigeria,Potatoes,2019,37632,53953.79,1150.0,16.54
North Macedonia,Potatoes,2009,149105,98.0,619.0,52.34
North Macedonia,Potatoes,2010,155110,98.0,619.0,61.88
North Macedonia,Potatoes,2011,141647,98.0,619.0,58.66
North Macedonia,Potatoes,2012,128731,98.0,619.0,52.99000000000001
North Macedonia,Potatoes,2013,139459,98.0,619.0,63.88
North Macedonia,Potatoes,2014,149372,98.0,619.0,66.11
North Macedonia,Potatoes,2015,140169,98.0,619.0,60.540000000000006
North Macedonia,Potatoes,2016,146473,98.0,619.0,72.35
North Macedonia,Potatoes,2017,133188,98.0,619.0,62.94
North Macedonia,Potatoes,2018,143354,98.0,619.0,55.41
North Macedonia,Potatoes,2019,143588,98.0,619.0,55.79
Norway,Potatoes,2009,241836,534.56,1414.0,178.15
Norway,Potatoes,2010,251662,698.98,1414.0,169.08
Norway,Potatoes,2011,229141,823.96,1414.0,191.13
Norway,Potatoes,2012,240527,813.93,1414.0,186.31
Norway,Potatoes,2013,251702,761.97,1414.0,190.12
Norway,Potatoes,2014,289753,861.21,1414.0,193.83
Norway,Potatoes,2015,257857,631.03,1414.0,203.53
Norway,Potatoes,2016,292724,676.0,1414.0,203.64
Norway,Potatoes,2017,269014,671.0,1414.0,198.84000000000003
Norway,Potatoes,2018,281040,614.0,1414.0,203.04
Norway,Potatoes,2019,284272,604.0,1414.0,209.45
Oman,Potatoes,2009,284100,234.86,125.0,216.14
Oman,Potatoes,2010,210880,255.91,125.0,256.21
Oman,Potatoes,2011,259100,292.32,125.0,213.81
Oman,Potatoes,2012,300000,339.06,125.0,243.17
Oman,Potatoes,2013,153545,439.4,125.0,270.63
Oman,Potatoes,2014,269600,409.79,125.0,271.05
Oman,Potatoes,2015,264503,333.48,125.0,249.47
Oman,Potatoes,2016,262320,346.76,125.0,301.76
Oman,Potatoes,2017,269009,275.49,125.0,228.46
Oman,Potatoes,2018,271059,204.22,125.0,223.56
Oman,Potatoes,2019,252103,304.82,125.0,222.87
Pakistan,Potatoes,2009,202848,15859.64,494.0,140.24
Pakistan,Potatoes,2010,226823,14862.71,494.0,134.41000000000005
Pakistan,Potatoes,2011,219196,13865.78,494.0,125.05
Pakistan,Potatoes,2012,183405,12868.85,494.0,114.25
Pakistan,Potatoes,2013,218059,11871.92,494.0,132.19
Pakistan,Potatoes,2014,181506,11871.92,494.0,131.35
Pakistan,Potatoes,2015,234439,11871.92,494.0,133.94
Pakistan,Potatoes,2016,224346,11871.92,494.0,140.91
Pakistan,Potatoes,2017,214503,11871.92,494.0,148.7
Pakistan,Potatoes,2018,236699,11871.92,494.0,148.93
Pakistan,Potatoes,2019,248874,11871.92,494.0,148.52999999999997
Panama,Potatoes,2009,233370,2046.06,2928.0,35.66
Panama,Potatoes,2010,227645,1949.19,2928.0,47.89
Panama,Potatoes,2011,212716,1852.32,2928.0,28.04
Panama,Potatoes,2012,236248,1371.35,2928.0,58.27
Panama,Potatoes,2013,242259,2477.29,2928.0,68.23
Panama,Potatoes,2014,245902,2458.72,2928.0,46.04
Panama,Potatoes,2015,246455,2440.14,2928.0,58.14
Panama,Potatoes,2016,249472,2421.57,2928.0,36.67
Panama,Potatoes,2017,253345,2403.0,2928.0,47.77
Panama,Potatoes,2018,256381,1639.46,2928.0,47.17
Panama,Potatoes,2019,259236,875.91,2928.0,43.79
Papua New Guinea,Potatoes,2009,47543,421.34,3142.0,31.15
Papua New Guinea,Potatoes,2010,48627,437.87,3142.0,32.85
Papua New Guinea,Potatoes,2011,50309,590.74,3142.0,25.64
Papua New Guinea,Potatoes,2012,52632,738.1,3142.0,32.239999999999995
Papua New Guinea,Potatoes,2013,61538,879.96,3142.0,29.630000000000003
Papua New Guinea,Potatoes,2014,61928,879.96,3142.0,32.6
Papua New Guinea,Potatoes,2015,54622,879.96,3142.0,31.39
Papua New Guinea,Potatoes,2016,60816,879.96,3142.0,33.61
Papua New Guinea,Potatoes,2017,61152,879.96,3142.0,36.98
Papua New Guinea,Potatoes,2018,58567,879.96,3142.0,43.6
Papua New Guinea,Potatoes,2019,57547,879.96,3142.0,39.26
Paraguay,Potatoes,2009,50500,19942.96,1130.0,64.03999999999999
Paraguay,Potatoes,2010,131165,21112.95,1130.0,83.81
Paraguay,Potatoes,2011,152174,22282.95,1130.0,99.91
Paraguay,Potatoes,2012,120000,23452.94,1130.0,82.61
Paraguay,Potatoes,2013,147679,24667.05,1130.0,95.29
Paraguay,Potatoes,2014,150000,18070.43,1130.0,106.41
Paraguay,Potatoes,2015,144504,18908.25,1130.0,94.46
Paraguay,Potatoes,2016,145000,18567.0,1130.0,111.53
Paraguay,Potatoes,2017,144615,19662.0,1130.0,114.7
Paraguay,Potatoes,2018,144774,21121.64,1130.0,117.87
Paraguay,Potatoes,2019,143222,22581.28,1130.0,111.45
Peru,Potatoes,2009,133353,4719.14,1738.0,63.290000000000006
Peru,Potatoes,2010,131588,6225.67,1738.0,59.330000000000005
Peru,Potatoes,2011,137379,6030.69,1738.0,65.28
Peru,Potatoes,2012,143316,7288.63,1738.0,62.14
Peru,Potatoes,2013,144125,7091.56,1738.0,64.55000000000001
Peru,Potatoes,2014,147779,8274.55,1738.0,67.25
Peru,Potatoes,2015,149122,8893.46,1738.0,75.61
Peru,Potatoes,2016,162730,9482.89,1738.0,79.38
Peru,Potatoes,2017,153875,10036.95,1738.0,94.34
Peru,Potatoes,2018,159012,8617.57,1738.0,72.92
Peru,Potatoes,2019,162730,10635.76,1738.0,89.31
Philippines,Potatoes,2009,150758,19975.79,2348.0,63.02
Philippines,Potatoes,2010,153366,21311.11,2348.0,75.71000000000001
Philippines,Potatoes,2011,147563,21179.54,2348.0,73.37
Philippines,Potatoes,2012,147690,21608.02,2348.0,60.42
Philippines,Potatoes,2013,149204,22374.11,2348.0,79.44
Philippines,Potatoes,2014,151423,22111.62,2348.0,79.98
Philippines,Potatoes,2015,151066,23250.65,2348.0,70.68
Philippines,Potatoes,2016,150812,21632.13,2348.0,85.76
Philippines,Potatoes,2017,150956,21491.31,2348.0,107.21
Philippines,Potatoes,2018,155093,21350.49,2348.0,85.01
Philippines,Potatoes,2019,154452,24878.97,2348.0,98.06
Poland,Potatoes,2009,191018,18493.03,600.0,142.39999999999998
Poland,Potatoes,2010,210838,19449.02,600.0,174.2
Poland,Potatoes,2011,230338,21779.27,600.0,163.98000000000002
Poland,Potatoes,2012,243751,21885.99,600.0,171.63
Poland,Potatoes,2013,210624,22204.46,600.0,172.73000000000002
Poland,Potatoes,2014,277661,23556.67,600.0,158.55
Poland,Potatoes,2015,210207,24006.12,600.0,168.06
Poland,Potatoes,2016,286304,24463.0,600.0,183.03
Poland,Potatoes,2017,278503,25076.0,600.0,183.92
Poland,Potatoes,2018,251296,23178.0,600.0,167.69
Poland,Potatoes,2019,214283,24281.0,600.0,171.25
Portugal,Potatoes,2009,164431,13984.91,854.0,74.50999999999999
Portugal,Potatoes,2010,150341,13774.18,854.0,91.83
Portugal,Potatoes,2011,147088,14562.41,854.0,80.75
Portugal,Potatoes,2012,177890,12869.13,854.0,91.36
Portugal,Potatoes,2013,182243,10526.19,854.0,101.24
Portugal,Potatoes,2014,198380,13256.87,854.0,113.56
Portugal,Potatoes,2015,197705,10209.42,854.0,109.06
Portugal,Potatoes,2016,193613,9772.27,854.0,105.57
Portugal,Potatoes,2017,216992,8103.16,854.0,101.77
Portugal,Potatoes,2018,207543,8057.31,854.0,101.96
Portugal,Potatoes,2019,235848,9865.81,854.0,98.31
Romania,Potatoes,2009,153812,6548.7,637.0,46.08
Romania,Potatoes,2010,132960,7249.2,637.0,50.01
Romania,Potatoes,2011,164154,6582.9,637.0,51.60000000000001
Romania,Potatoes,2012,107623,6418.7,637.0,47.38
Romania,Potatoes,2013,158462,6947.9,637.0,53.53
Romania,Potatoes,2014,173659,6723.8,637.0,49.14000000000001
Romania,Potatoes,2015,137698,6608.04,637.0,57.88
Romania,Potatoes,2016,144428,6463.0,637.0,57.13
Romania,Potatoes,2017,181872,6715.0,637.0,64.91
Romania,Potatoes,2018,174424,5243.0,637.0,79.19
Romania,Potatoes,2019,150861,5452.0,637.0,79.93
Saudi Arabia,Potatoes,2009,251423,4538.73,59.0,66.96
Saudi Arabia,Potatoes,2010,260575,4699.74,59.0,71.06
Saudi Arabia,Potatoes,2011,248330,4860.74,59.0,83.67
Saudi Arabia,Potatoes,2012,253233,5021.75,59.0,92.37
Saudi Arabia,Potatoes,2013,256547,5412.5,59.0,86.86
Saudi Arabia,Potatoes,2014,134411,6259.67,59.0,76.86
Saudi Arabia,Potatoes,2015,260575,7106.85,59.0,88.1
Saudi Arabia,Potatoes,2016,256547,7954.02,59.0,87.04
Saudi Arabia,Potatoes,2017,254022,8801.19,59.0,83.18
Saudi Arabia,Potatoes,2018,251893,9648.36,59.0,83.6
Saudi Arabia,Potatoes,2019,244024,10495.54,59.0,83.6
Slovakia,Potatoes,2009,185992,1654.12,824.0,76.97
Slovakia,Potatoes,2010,114547,1880.75,824.0,83.54
Slovakia,Potatoes,2011,209420,1410.5,824.0,94.56
Slovakia,Potatoes,2012,185432,1563.78,824.0,105.39
Slovakia,Potatoes,2013,183199,1620.28,824.0,107.68
Slovakia,Potatoes,2014,196394,1721.83,824.0,114.88
Slovakia,Potatoes,2015,179302,1567.86,824.0,111.51
Slovakia,Potatoes,2016,214565,1520.0,824.0,124.1
Slovakia,Potatoes,2017,200946,1724.0,824.0,120.08
Slovakia,Potatoes,2018,219008,1785.0,824.0,127.7
Slovakia,Potatoes,2019,222735,1859.0,824.0,127.49
Slovenia,Potatoes,2009,247725,1162.87,1162.0,183.22
Slovenia,Potatoes,2010,245353,1134.37,1162.0,208.23
Slovenia,Potatoes,2011,264228,1121.91,1162.0,199.61
Slovenia,Potatoes,2012,234061,1016.08,1162.0,195.17
Slovenia,Potatoes,2013,187950,917.49,1162.0,198.1
Slovenia,Potatoes,2014,268944,1009.92,1162.0,204.19
Slovenia,Potatoes,2015,274370,1046.84,1162.0,207.62
Slovenia,Potatoes,2016,268407,1157.0,1162.0,200.3
Slovenia,Potatoes,2017,243526,1087.0,1162.0,198.63
Slovenia,Potatoes,2018,259502,1172.0,1162.0,201.84
Slovenia,Potatoes,2019,235571,972.0,1162.0,197.44
South Africa,Potatoes,2009,339378,32608.51,495.0,54.040000000000006
South Africa,Potatoes,2010,342046,33598.96,495.0,51.99
South Africa,Potatoes,2011,349536,33334.33,495.0,58.33
South Africa,Potatoes,2012,350438,34394.86,495.0,59.540000000000006
South Africa,Potatoes,2013,352695,36324.38,495.0,65.26
South Africa,Potatoes,2014,353096,38387.19,495.0,64.28
South Africa,Potatoes,2015,358127,37740.47,495.0,60.59
South Africa,Potatoes,2016,359976,35862.46,495.0,55.34
South Africa,Potatoes,2017,360757,39492.46,495.0,70.4
South Africa,Potatoes,2018,363840,39023.76,495.0,61.370000000000005
South Africa,Potatoes,2019,370362,39144.12,495.0,61.370000000000005
Spain,Potatoes,2009,318545,35199.0,636.0,70.36
Spain,Potatoes,2010,293910,39043.0,636.0,95.06
Spain,Potatoes,2011,307406,53549.0,636.0,89.69000000000001
Spain,Potatoes,2012,304387,63490.52,636.0,87.85
Spain,Potatoes,2013,309367,71454.16,636.0,102.09
Spain,Potatoes,2014,334922,78818.31,636.0,108.12
Spain,Potatoes,2015,318666,77216.75,636.0,108.23
Spain,Potatoes,2016,311385,76940.64,636.0,104.27
Spain,Potatoes,2017,315961,71987.32,636.0,112.18
Spain,Potatoes,2018,297960,75014.23,636.0,111.76
Spain,Potatoes,2019,338983,75190.44,636.0,110.99
Sri Lanka,Potatoes,2009,149034,1170.36,1712.0,142.63
Sri Lanka,Potatoes,2010,135234,1450.54,1712.0,126.08
Sri Lanka,Potatoes,2011,132500,1290.31,1712.0,146.07000000000002
Sri Lanka,Potatoes,2012,155269,1112.8,1712.0,116.35
Sri Lanka,Potatoes,2013,153210,1235.31,1712.0,98.34
Sri Lanka,Potatoes,2014,153536,933.34,1712.0,147.69
Sri Lanka,Potatoes,2015,158257,2539.92,1712.0,107.44
Sri Lanka,Potatoes,2016,158009,1925.0,1712.0,71.61
Sri Lanka,Potatoes,2017,164591,1266.0,1712.0,66.8
Sri Lanka,Potatoes,2018,171815,2261.0,1712.0,79.97999999999999
Sri Lanka,Potatoes,2019,187123,1526.43,1712.0,109.44
Sweden,Potatoes,2009,318212,1935.0,624.0,64.09
Sweden,Potatoes,2010,301218,1982.0,624.0,81.97
Sweden,Potatoes,2011,319681,1781.0,624.0,85.32000000000001
Sweden,Potatoes,2012,325809,1814.0,624.0,76.15
Sweden,Potatoes,2013,337563,1620.0,624.0,84.53
Sweden,Potatoes,2014,345420,1880.0,624.0,92.93
Sweden,Potatoes,2015,347403,1836.2,624.0,96.76
Sweden,Potatoes,2016,357291,1630.0,624.0,97.76
Sweden,Potatoes,2017,346968,1525.0,624.0,104.82999999999998
Sweden,Potatoes,2018,302384,1459.0,624.0,100.55
Sweden,Potatoes,2019,358097,1478.1,624.0,97.56
Switzerland,Potatoes,2009,465002,2224.02,1537.0,180.18
Switzerland,Potatoes,2010,386978,2148.48,1537.0,206.16000000000005
Switzerland,Potatoes,2011,457778,2284.09,1537.0,197.19
Switzerland,Potatoes,2012,411034,2231.91,1537.0,158.08
Switzerland,Potatoes,2013,325935,2290.07,1537.0,191.74
Switzerland,Potatoes,2014,444229,2245.45,1537.0,195.87
Switzerland,Potatoes,2015,356992,2220.55,1537.0,196.68
Switzerland,Potatoes,2016,339154,2158.17,1537.0,199.57
Switzerland,Potatoes,2017,409000,2027.76,1537.0,188.13
Switzerland,Potatoes,2018,402989,2051.98,1537.0,176.6
Switzerland,Potatoes,2019,377000,1952.01,1537.0,153.78
Tajikistan,Potatoes,2009,231535,126.86,691.0,10.3
Tajikistan,Potatoes,2010,239308,126.49,691.0,8.14
Tajikistan,Potatoes,2011,235049,126.12,691.0,5.55
Tajikistan,Potatoes,2012,237444,125.74,691.0,7.74
Tajikistan,Potatoes,2013,251396,125.37,691.0,10.61
Tajikistan,Potatoes,2014,240199,125.0,691.0,17.990000000000002
Tajikistan,Potatoes,2015,223070,124.62,691.0,18.82
Tajikistan,Potatoes,2016,216013,147.0,691.0,9.86
Tajikistan,Potatoes,2017,192759,309.01,691.0,14.38
Tajikistan,Potatoes,2018,194318,386.46,691.0,11.92
Tajikistan,Potatoes,2019,192809,468.83,691.0,74.39999999999999
Thailand,Potatoes,2009,165948,67933.0,1622.0,95.27
Thailand,Potatoes,2010,142016,68986.0,1622.0,123.91
Thailand,Potatoes,2011,146421,87191.0,1622.0,127.06
Thailand,Potatoes,2012,153378,69921.0,1622.0,119.71
Thailand,Potatoes,2013,150014,8136.0,1622.0,130.26
Thailand,Potatoes,2014,160790,21800.0,1622.0,123.59
Thailand,Potatoes,2015,165283,26167.67,1622.0,105.37
Thailand,Potatoes,2016,169945,30535.33,1622.0,113.65
Thailand,Potatoes,2017,180856,34037.48,1622.0,127.77
Thailand,Potatoes,2018,181483,34776.62,1622.0,113.75
Thailand,Potatoes,2019,178207,28073.81,1622.0,91.35
Tunisia,Potatoes,2009,144321,1495.28,207.0,26.530000000000005
Tunisia,Potatoes,2010,155462,2174.9,207.0,25.82
Tunisia,Potatoes,2011,148760,2135.1,207.0,26.25
Tunisia,Potatoes,2012,150215,3076.4,207.0,27.53
Tunisia,Potatoes,2013,160417,2462.0,207.0,22.48
Tunisia,Potatoes,2014,160626,2765.96,207.0,24.06
Tunisia,Potatoes,2015,172117,2817.44,207.0,27.76
Tunisia,Potatoes,2016,177205,3133.94,207.0,32.19
Tunisia,Potatoes,2017,169118,2670.38,207.0,25.450000000000003
Tunisia,Potatoes,2018,168354,3211.48,207.0,29.670000000000005
Tunisia,Potatoes,2019,171670,3511.11,207.0,29.55
Turkmenistan,Potatoes,2009,177482,497.55,161.0,161.61
Turkmenistan,Potatoes,2010,172138,497.55,161.0,167.57999999999998
Turkmenistan,Potatoes,2011,166556,497.55,161.0,178.25
Turkmenistan,Potatoes,2012,161696,497.55,161.0,171.7
Turkmenistan,Potatoes,2013,154579,497.55,161.0,177.8
Turkmenistan,Potatoes,2014,149006,497.55,161.0,194.95
Turkmenistan,Potatoes,2015,134258,497.55,161.0,260.23
Turkmenistan,Potatoes,2016,133395,497.55,161.0,210.4
Turkmenistan,Potatoes,2017,150366,497.55,161.0,218.47
Turkmenistan,Potatoes,2018,151215,497.55,161.0,207.58
Turkmenistan,Potatoes,2019,153549,497.55,161.0,229.83
Uganda,Potatoes,2009,46286,2445.48,1180.0,1.56
Uganda,Potatoes,2010,47714,2990.23,1180.0,1.29
Uganda,Potatoes,2011,49920,3658.45,1180.0,1.34
Uganda,Potatoes,2012,49440,4324.48,1180.0,1.61
Uganda,Potatoes,2013,45013,4882.92,1180.0,1.85
Uganda,Potatoes,2014,46460,5655.05,1180.0,1.38
Uganda,Potatoes,2015,44001,6298.13,1180.0,1.21
Uganda,Potatoes,2016,53563,6284.06,1180.0,1.45
Uganda,Potatoes,2017,76167,6303.83,1180.0,1.57
Uganda,Potatoes,2018,82957,6037.93,1180.0,2.49
Uganda,Potatoes,2019,61103,6701.51,1180.0,2.49
Ukraine,Potatoes,2009,139298,36444.7,565.0,26.56
Ukraine,Potatoes,2010,132481,62534.6,565.0,31.78
Ukraine,Potatoes,2011,168039,79491.7,565.0,37.830000000000005
Ukraine,Potatoes,2012,161001,90814.8,565.0,40.31
Ukraine,Potatoes,2013,159664,86781.8,565.0,44.36
Ukraine,Potatoes,2014,176447,78201.0,565.0,43.71
Ukraine,Potatoes,2015,161420,64986.5,565.0,42.03
Ukraine,Potatoes,2016,165830,51772.0,565.0,51.34
Ukraine,Potatoes,2017,167837,38557.5,565.0,60.23
Ukraine,Potatoes,2018,170498,25343.0,565.0,63.72
Ukraine,Potatoes,2019,154869,24325.0,565.0,63.43
Uruguay,Potatoes,2009,161006,13475.41,1300.0,92.62
Uruguay,Potatoes,2010,200915,14981.18,1300.0,143.1
Uruguay,Potatoes,2011,177610,17517.76,1300.0,129.44
Uruguay,Potatoes,2012,219891,23506.4,1300.0,174.99
Uruguay,Potatoes,2013,224434,19028.6,1300.0,248.05
Uruguay,Potatoes,2014,204308,22962.2,1300.0,181.58
Uruguay,Potatoes,2015,172208,14067.8,1300.0,113.92
Uruguay,Potatoes,2016,201175,13365.8,1300.0,150.55
Uruguay,Potatoes,2017,197792,14905.96,1300.0,154.42999999999998
Uruguay,Potatoes,2018,208783,16446.12,1300.0,189.73
Uruguay,Potatoes,2019,232914,16446.12,1300.0,165.38
Zambia,Potatoes,2009,172628,3327.67,1020.0,25.53
Zambia,Potatoes,2010,162228,3455.19,1020.0,28.87
Zambia,Potatoes,2011,156289,3582.7,1020.0,45.69
Zambia,Potatoes,2012,161166,3710.21,1020.0,37.28
Zambia,Potatoes,2013,127792,3837.73,1020.0,48.49
Zambia,Potatoes,2014,198166,3965.24,1020.0,49.99
Zambia,Potatoes,2015,153365,4092.75,1020.0,55.38
Zambia,Potatoes,2016,187331,4220.27,1020.0,63.39
Zambia,Potatoes,2017,316142,4347.78,1020.0,71.37
Zambia,Potatoes,2018,74883,4196.64,1020.0,52.02
Zambia,Potatoes,2019,192361,4196.64,1020.0,66.93
Zimbabwe,Potatoes,2009,98178,3269.99,657.0,28.09
Zimbabwe,Potatoes,2010,92025,3305.17,657.0,33.26
Zimbabwe,Potatoes,2011,85809,3340.35,657.0,25.93
Zimbabwe,Potatoes,2012,78479,3375.53,657.0,17.81
Zimbabwe,Potatoes,2013,73323,2550.07,657.0,25.0
Zimbabwe,Potatoes,2014,66317,2185.07,657.0,25.15
Zimbabwe,Potatoes,2015,58884,2185.07,657.0,19.17
Zimbabwe,Potatoes,2016,66041,2185.07,657.0,31.78
Zimbabwe,Potatoes,2017,70743,2185.07,657.0,35.71
Zimbabwe,Potatoes,2018,71275,2185.07,657.0,32.39
Zimbabwe,Potatoes,2019,70782,2185.07,657.0,32.39
