Country,Item,Year,Yield (100 hg/ha),Pesticides (Tons),Rainfall (mm),Nitrogen (Tons),Phosphorus (Tons)
Albania,Potatoes,2009,219780,410.55,1485.0,23820.09,5025.4973
Albania,Potatoes,2010,231111,590.5,1485.0,21296.22,5609.8899
Albania,Potatoes,2011,242211,582.68,1485.0,25796.35,6439.986
Albania,Potatoes,2012,250538,361.62,1485.0,30672.065,6358.0528
Albania,Potatoes,2013,260110,450.6,1485.0,23505.955,6388.8105
Albania,Potatoes,2014,250000,457.47,1485.0,28705.88,6868.4257
Albania,Potatoes,2015,242574,538.24,1485.0,33651.96,7788.1219
Albania,Potatoes,2016,245894,584.49,1485.0,35798.04,9863.2182
Albania,Potatoes,2017,251110,614.91,1485.0,33442.46,7992.6844
Albania,Potatoes,2018,261714,442.35,1485.0,25334.535,4699.6593
Albania,Potatoes,2019,256455,729.67,1485.0,38064.78,6144.9448
Algeria,Potatoes,2009,250764,3168.41,89.0,37100.0,19149.12
Algeria,Potatoes,2010,270526,1869.58,89.0,60100.0,12870.72
Algeria,Potatoes,2011,292806,7612.21,89.0,56300.0,14322.6
Algeria,Potatoes,2012,304291,8980.17,89.0,72600.0,22563.0
Algeria,Potatoes,2013,303218,8269.57,89.0,69400.0,28547.1
Algeria,Potatoes,2014,299247,7151.52,89.0,98000.0,31470.48
Algeria,Potatoes,2015,296099,4516.93,89.0,101350.0,26016.12
Algeria,Potatoes,2016,304506,4153.38,89.0,91550.0,23387.04
Algeria,Potatoes,2017,309524,6067.35,89.0,87750.0,22563.0
Algeria,Potatoes,2018,310916,6067.35,89.0,108500.0,25035.12
Algeria,Potatoes,2019,318011,6067.35,89.0,107250.0,26683.2
Angola,Potatoes,2009,86509,40.0,1010.0,10468.0,2222.292
Angola,Potatoes,2010,87425,40.0,1010.0,17369.0,3762.244
Angola,Potatoes,2011,81366,40.0,1010.0,16381.0,7354.448
Angola,Potatoes,2012,69381,40.0,1010.0,19423.09,3463.8282
Angola,Potatoes,2013,63303,40.0,1010.0,20439.57,4117.8587
Angola,Potatoes,2014,63239,40.0,1010.0,27612.52,3429.5847
Angola,Potatoes,2015,62866,40.0,1010.0,25494.28,2287.862
Angola,Potatoes,2016,62717,40.0,1010.0,20776.77,2857.6486
Angola,Potatoes,2017,72079,40.0,1010.0,26714.79,5209.6942
Angola,Potatoes,2018,71770,40.0,1010.0,21644.96,2689.2785
Angola,Potatoes,2019,71174,40.0,1010.0,16827.74,4359.3416
Argentina,Potatoes,2009,293326,140094.8,591.0,531730.5,148679.9676
Argentina,Potatoes,2010,296203,235739.1,591.0,775972.5,254406.0654
Argentina,Potatoes,2011,298649,220610.04,591.0,853395.0,281882.502
Argentina,Potatoes,2012,303967,216308.7,591.0,727295.0,235121.7636
Argentina,Potatoes,2013,307357,212007.35,591.0,785477.0,236447.8794
Argentina,Potatoes,2014,310577,207706.0,591.0,797745.76,225744.3689
Argentina,Potatoes,2015,313425,203807.0,591.0,600140.655,169587.6831
Argentina,Potatoes,2016,321969,199908.0,591.0,960330.92,276028.9515
Argentina,Potatoes,2017,328586,196009.0,591.0,978721.54,251701.0874
Argentina,Potatoes,2018,334600,172928.0,591.0,1164509.75,269237.9555
Argentina,Potatoes,2019,340313,204559.0,591.0,1278599.41,297610.1549
Armenia,Potatoes,2009,185496,198.36,562.0,24220.95,0.1308
Armenia,Potatoes,2010,170146,278.72,562.0,18293.7,14.9112
Armenia,Potatoes,2011,194426,320.67,562.0,21473.45,181.158
Armenia,Potatoes,2012,207151,362.62,562.0,32123.4,28.6016
Armenia,Potatoes,2013,215290,404.57,562.0,34646.95,165.5492
Armenia,Potatoes,2014,231725,446.52,562.0,30117.85,649.0078
Armenia,Potatoes,2015,218848,488.47,562.0,37241.0,387.168
Armenia,Potatoes,2016,210314,530.42,562.0,79596.1,136.032
Armenia,Potatoes,2017,216278,572.37,562.0,54153.15,70.414
Armenia,Potatoes,2018,188129,614.32,562.0,54403.15,114.014
Armenia,Potatoes,2019,200694,527.33,562.0,57103.15,223.014
Australia,Potatoes,2009,361747,38065.69,534.0,764453.25,196549.6637
Australia,Potatoes,2010,351334,42169.39,534.0,883704.15,250331.5087
Australia,Potatoes,2011,350887,47632.98,534.0,989064.45,267563.4425
Australia,Potatoes,2012,382592,48687.88,534.0,1000623.15,257342.441
Australia,Potatoes,2013,385434,45177.19,534.0,1141818.75,253067.1872
Australia,Potatoes,2014,396970,49857.35,534.0,1265394.6,277256.2329
Australia,Potatoes,2015,392501,50921.6,534.0,1192212.9,287079.4336
Australia,Potatoes,2016,404096,63416.48,534.0,1344516.3,278907.0627
Australia,Potatoes,2017,389534,60201.36,534.0,1362649.05,301978.1028
Australia,Potatoes,2018,399682,63416.48,534.0,1193947.2,284512.1324
Australia,Potatoes,2019,378022,63416.48,534.0,1197716.85,286949.5146
Austria,Potatoes,2009,324947,3531.8,1110.0,79989.3,7755.9822
Austria,Potatoes,2010,305703,3692.4,1110.0,89387.55,11207.1402
Austria,Potatoes,2011,357127,3441.5,1110.0,99787.95,13590.3816
Austria,Potatoes,2012,305491,3563.3,1110.0,91674.45,12988.0476
Austria,Potatoes,2013,285897,3108.6,1110.0,101612.25,13647.2796
Austria,Potatoes,2014,351020,3380.7,1110.0,105981.75,14662.2222
Austria,Potatoes,2015,263390,3787.1,1110.0,113783.508,12310.8084
Austria,Potatoes,2016,361557,3662.0,1110.0,109540.242,13272.0275
Austria,Potatoes,2017,284198,4656.0,1110.0,102016.719,11816.1646
Austria,Potatoes,2018,293742,5295.0,1110.0,98836.146,11647.2286
Austria,Potatoes,2019,313417,4963.0,1110.0,95145.3405,12596.0341
Azerbaijan,Potatoes,2009,149950,316.18,447.0,19538.5,1105.26
Azerbaijan,Potatoes,2010,144945,333.85,447.0,14706.0,922.576
Azerbaijan,Potatoes,2011,143973,461.84,447.0,23206.0,1333.07
Azerbaijan,Potatoes,2012,146740,516.35,447.0,24420.655,2127.898
Azerbaijan,Potatoes,2013,151999,489.8,447.0,23444.855,3644.306
Azerbaijan,Potatoes,2014,132881,531.84,447.0,37878.65,5908.89
Azerbaijan,Potatoes,2015,137730,529.69,447.0,62516.0,4214.594
Azerbaijan,Potatoes,2016,143714,542.82,447.0,59842.0,4338.418
Azerbaijan,Potatoes,2017,155499,542.82,447.0,59244.5,4061.122
Azerbaijan,Potatoes,2018,151559,542.82,447.0,86966.945,6017.5085
Azerbaijan,Potatoes,2019,176415,542.82,447.0,123447.5,14917.74
Bahrain,Potatoes,2009,166667,12.59,83.0,1222.73,22.6502
Bahrain,Potatoes,2010,177579,9.84,83.0,2545.27,26.5786
Bahrain,Potatoes,2011,191087,9.14,83.0,1778.79,30.6682
Bahrain,Potatoes,2012,198427,9.18,83.0,1778.79,38.6165
Bahrain,Potatoes,2013,201385,9.22,83.0,1778.79,41.9476
Bahrain,Potatoes,2014,233331,9.26,83.0,1778.79,39.5321
Bahrain,Potatoes,2015,265146,9.3,83.0,1778.79,35.7825
Bahrain,Potatoes,2016,293740,9.34,83.0,138.08,65.9494
Bahrain,Potatoes,2017,375000,9.38,83.0,110.27,41.6293
Bahrain,Potatoes,2018,425000,5.56,83.0,123.92,37.0513
Bahrain,Potatoes,2019,300000,14.56,83.0,150.92,56.8413
Bangladesh,Potatoes,2009,133367,13755.78,2666.0,1152569.5,102289.742
Bangladesh,Potatoes,2010,182299,13250.83,2666.0,1202105.0,141936.748
Bangladesh,Potatoes,2011,180931,14798.28,2666.0,1198560.0,203119.32
Bangladesh,Potatoes,2012,190627,13289.18,2666.0,1120990.0,218091.56
Bangladesh,Potatoes,2013,193790,15330.16,2666.0,1122370.0,232274.64
Bangladesh,Potatoes,2014,193845,15857.26,2666.0,1275830.0,255404.44
Bangladesh,Potatoes,2015,196476,13364.42,2666.0,1289220.0,273031.92
Bangladesh,Potatoes,2016,199250,14387.63,2666.0,1190600.0,275918.24
Bangladesh,Potatoes,2017,204432,15144.49,2666.0,1245620.0,276001.08
Bangladesh,Potatoes,2018,204106,15144.49,2666.0,1325640.0,303181.32
Bangladesh,Potatoes,2019,206131,15144.49,2666.0,1332030.0,334429.44
Belarus,Potatoes,2009,186040,3874.87,618.0,541750.0,91488.06
Belarus,Potatoes,2010,213518,3386.54,618.0,532950.0,90193.14
Belarus,Potatoes,2011,209564,3078.92,618.0,600550.0,114600.42
Belarus,Potatoes,2012,208131,2422.74,618.0,557153.5,86770.8234
Belarus,Potatoes,2013,193536,2229.08,618.0,534818.0,81574.2702
Belarus,Potatoes,2014,203089,1892.13,618.0,456035.5,60154.1352
Belarus,Potatoes,2015,191500,1463.89,618.0,443738.5,52969.8798
Belarus,Potatoes,2016,204622,1077.76,618.0,348504.0,29930.7024
Belarus,Potatoes,2017,233975,721.32,618.0,406873.0,30418.0632
Belarus,Potatoes,2018,215228,839.88,618.0,404847.5,41051.1222
Belarus,Potatoes,2019,231510,817.28,618.0,407312.5,34614.1926
Belgium,Potatoes,2009,447083,5496.04,847.0,162558.0,8198.544
Belgium,Potatoes,2010,422676,4644.53,847.0,181617.0,8863.008
Belgium,Potatoes,2011,501412,6297.22,847.0,179277.0,8339.4592
Belgium,Potatoes,2012,454233,6584.48,847.0,178662.5,8339.2848
Belgium,Potatoes,2013,454642,6336.49,847.0,179207.0,8262.8976
Belgium,Potatoes,2014,540003,7179.97,847.0,183446.0,6571.2176
Belgium,Potatoes,2015,469226,6480.36,847.0,182599.0,6782.0672
Belgium,Potatoes,2016,381632,6579.06,847.0,172941.5,5740.3516
Belgium,Potatoes,2017,475652,6248.62,847.0,168730.5,5680.3946
Belgium,Potatoes,2018,326309,6357.33,847.0,170185.5,5754.3402
Belgium,Potatoes,2019,410186,5944.14,847.0,170176.5,5994.6931
Belize,Potatoes,2009,134810,788.61,1705.0,5858.0,1187.664
Belize,Potatoes,2010,91222,700.39,1705.0,2280.0,567.672
Belize,Potatoes,2011,110000,826.58,1705.0,5701.0,4992.636
Belize,Potatoes,2012,122054,638.28,1705.0,6095.85,1511.9564
Belize,Potatoes,2013,230000,1036.68,1705.0,13685.78,3658.9076
Belize,Potatoes,2014,118990,880.1,1705.0,17786.06,3087.0675
Belize,Potatoes,2015,116782,1067.18,1705.0,17603.87,4925.5836
Belize,Potatoes,2016,99596,1258.98,1705.0,16811.64,5554.2868
Belize,Potatoes,2017,133469,1217.14,1705.0,13578.74,4442.4389
Belize,Potatoes,2018,120313,1384.31,1705.0,16140.95,5319.5575
Belize,Potatoes,2019,121692,1062.59,1705.0,16541.86,6398.3785
Benin,Potatoes,2009,80263,2259.94,1039.0,5794.0,2303.388
Benin,Potatoes,2010,84231,2092.91,1039.0,12079.0,4681.332
Benin,Potatoes,2011,86289,2080.63,1039.0,4130.0,1334.16
Benin,Potatoes,2012,88383,1691.82,1039.0,8936.76,3884.4156
Benin,Potatoes,2013,93134,1422.57,1039.0,5029.22,1859.322
Benin,Potatoes,2014,131538,1452.14,1039.0,14764.21,1591.0425
Benin,Potatoes,2015,138664,1525.17,1039.0,184.86,2.8471
Benin,Potatoes,2016,103744,1583.06,1039.0,14183.61,2987.0229
Benin,Potatoes,2017,101558,1745.25,1039.0,45.91,0.0
Benin,Potatoes,2018,85714,3396.57,1039.0,48067.22,12028.5642
Benin,Potatoes,2019,103251,4315.02,1039.0,75342.4,19127.381
Bhutan,Potatoes,2009,98644,5.68,2200.0,1608.0,206.664
Bhutan,Potatoes,2010,117374,6.56,2200.0,686.0,83.712
Bhutan,Potatoes,2011,82519,9.07,2200.0,845.0,119.464
Bhutan,Potatoes,2012,84679,7.44,2200.0,776.16,74.9484
Bhutan,Potatoes,2013,106007,5.4,2200.0,758.2,115.8452
Bhutan,Potatoes,2014,88962,3.38,2200.0,888.72,134.615
Bhutan,Potatoes,2015,99302,10.81,2200.0,920.35,140.7277
Bhutan,Potatoes,2016,99252,25.62,2200.0,853.68,144.6168
Bhutan,Potatoes,2017,110216,27.64,2200.0,790.31,108.2675
Bhutan,Potatoes,2018,98257,37.58,2200.0,1508.01,122.625
Bhutan,Potatoes,2019,104033,34.53,2200.0,801.61,142.1011
Bosnia and Herzegovina,Potatoes,2009,112701,2119.77,1028.0,38721.32,1802.1929
Bosnia and Herzegovina,Potatoes,2010,104566,2135.13,1028.0,37602.0,3192.392
Bosnia and Herzegovina,Potatoes,2011,111158,2277.28,1028.0,50526.0,3569.968
Bosnia and Herzegovina,Potatoes,2012,81533,2267.39,1028.0,60975.71,3758.9587
Bosnia and Herzegovina,Potatoes,2013,104987,2261.66,1028.0,55212.02,3557.154
Bosnia and Herzegovina,Potatoes,2014,87903,2276.56,1028.0,67401.26,3299.43
Bosnia and Herzegovina,Potatoes,2015,98510,2286.58,1028.0,70169.985,3698.1367
Bosnia and Herzegovina,Potatoes,2016,119661,2369.33,1028.0,59187.205,4525.2048
Bosnia and Herzegovina,Potatoes,2017,96487,2398.3,1028.0,62081.69,4348.7316
Bosnia and Herzegovina,Potatoes,2018,112140,2454.3,1028.0,50876.32,3275.6244
Bosnia and Herzegovina,Potatoes,2019,111367,2509.21,1028.0,35816.495,3924.9091
Botswana,Potatoes,2017,154313,940.45,416.0,5589.49,721.9724
Botswana,Potatoes,2018,154768,869.9,416.0,12644.5,617.0795
Botswana,Potatoes,2019,21176,984.42,416.0,9996.86,729.1795
Brazil,Potatoes,2009,248299,337391.08,1761.0,2242881.549,1304576.2533
Brazil,Potatoes,2010,258859,360735.33,1761.0,2675908.4895,1458767.7165
Brazil,Potatoes,2011,262528,408787.3,1761.0,3235035.0015,1776428.8407
Brazil,Potatoes,2012,274457,456839.26,1761.0,3100982.2785,1834039.0554
Brazil,Potatoes,2013,277517,472977.15,1761.0,3494677.1985,2084863.0233
Brazil,Potatoes,2014,279410,484254.38,1761.0,3780799.506,2147321.4534
Brazil,Potatoes,2015,293159,497625.68,1761.0,3165710.346,1901835.0128
Brazil,Potatoes,2016,296622,514828.96,1761.0,3599115.552,1953015.0864
Brazil,Potatoes,2017,309411,514843.5,1761.0,4020083.0325,2114492.7571
Brazil,Potatoes,2018,311762,549280.44,1761.0,3996243.054,2237451.3974
Brazil,Potatoes,2019,317661,620537.98,1761.0,4171384.7235,2240463.9873
Bulgaria,Potatoes,2009,165508,1717.25,608.0,233180.0,17633.584
Bulgaria,Potatoes,2010,181967,1588.5,608.0,228564.5,13984.264
Bulgaria,Potatoes,2011,143236,1459.75,608.0,281507.5,17174.04
Bulgaria,Potatoes,2012,101515,1331.0,608.0,250450.0,30563.6
Bulgaria,Potatoes,2013,146125,1197.0,608.0,292190.5,22698.814
Bulgaria,Potatoes,2014,130050,1001.0,608.0,340795.5,20986.424
Bulgaria,Potatoes,2015,149633,1541.9,608.0,329773.0,28760.958
Bulgaria,Potatoes,2016,151841,3759.0,608.0,388556.5,40553.014
Bulgaria,Potatoes,2017,177897,3384.0,608.0,369910.0,42826.7867
Bulgaria,Potatoes,2018,185596,5067.0,608.0,361064.5,52597.8257
Bulgaria,Potatoes,2019,212497,6663.0,608.0,374393.0,45601.4449
Burkina Faso,Potatoes,2009,18721,1166.27,748.0,28392.0,5555.512
Burkina Faso,Potatoes,2010,18462,1042.53,748.0,41122.0,3368.536
Burkina Faso,Potatoes,2011,19459,1059.25,748.0,29705.0,6659.464
Burkina Faso,Potatoes,2012,19477,1254.56,748.0,47525.11,7296.569
Burkina Faso,Potatoes,2013,19498,1560.01,748.0,50680.0,10063.0675
Burkina Faso,Potatoes,2014,19519,1781.41,748.0,48799.56,9321.4053
Burkina Faso,Potatoes,2015,19538,2046.39,748.0,51085.61,9821.3927
Burkina Faso,Potatoes,2016,19552,2646.16,748.0,67638.22,13251.627
Burkina Faso,Potatoes,2017,19562,2938.25,748.0,58292.15,10996.9402
Burkina Faso,Potatoes,2018,19317,3123.39,748.0,56654.7,9964.1696
Burkina Faso,Potatoes,2019,19238,2793.45,748.0,30051.78,5953.1658
Burundi,Potatoes,2009,27711,177.75,1274.0,1049.0,271.628
Burundi,Potatoes,2010,33901,264.53,1274.0,1942.0,581.188
Burundi,Potatoes,2011,35925,75.64,1274.0,2673.0,1167.172
Burundi,Potatoes,2012,31165,98.59,1274.0,3167.75,1087.7764
Burundi,Potatoes,2013,62252,956.06,1274.0,3938.82,2964.1896
Burundi,Potatoes,2014,74138,74.49,1274.0,5613.82,1967.0838
Burundi,Potatoes,2015,97372,72.74,1274.0,4617.71,1692.7526
Burundi,Potatoes,2016,105808,50.26,1274.0,8086.77,2153.6176
Burundi,Potatoes,2017,102512,50.26,1274.0,10147.51,2851.9632
Burundi,Potatoes,2018,111697,50.26,1274.0,13456.65,4224.5653
Burundi,Potatoes,2019,70115,50.26,1274.0,6888.5,5950.964
Cameroon,Potatoes,2009,28754,2323.15,1604.0,22148.5,2726.962
Cameroon,Potatoes,2010,43541,3474.69,1604.0,22228.5,4518.05
Cameroon,Potatoes,2011,73882,3968.89,1604.0,29188.5,4683.512
Cameroon,Potatoes,2012,103020,4010.74,1604.0,25364.405,5470.2914
Cameroon,Potatoes,2013,133691,4536.15,1604.0,28809.14,3735.5041
Cameroon,Potatoes,2014,150643,5479.55,1604.0,25154.865,5105.7213
Cameroon,Potatoes,2015,153932,5838.14,1604.0,37166.705,4944.8918
Cameroon,Potatoes,2016,112800,4831.12,1604.0,36679.345,4097.3601
Cameroon,Potatoes,2017,107000,7068.63,1604.0,40535.04,3690.825
Cameroon,Potatoes,2018,114380,7321.6,1604.0,37812.28,7914.4638
Cameroon,Potatoes,2019,116356,7321.6,1604.0,40962.28,6323.0638
Canada,Potatoes,2009,127453,54529.4,537.0,1716997.5,233833.3182
Canada,Potatoes,2010,390809,61050.0,537.0,1818568.8,269529.5538
Canada,Potatoes,2011,366462,62107.2,537.0,2154233.7,318077.2818
Canada,Potatoes,2012,386092,73508.9,537.0,2370067.245,313772.2948
Canada,Potatoes,2013,410606,81659.8,537.0,2211795.0,341191.8
Canada,Potatoes,2014,413836,76314.0,537.0,2300805.0,370229.4
Canada,Potatoes,2015,427087,75318.3,537.0,2303145.0,398089.8
Canada,Potatoes,2016,387791,90926.0,537.0,2182950.0,376311.6
Canada,Potatoes,2017,393780,98304.0,537.0,2288250.0,412608.6
Canada,Potatoes,2018,389128,87632.0,537.0,2443095.0,446158.8
Canada,Potatoes,2019,387755,78893.0,537.0,2449350.0,458715.6
Central African Republic,Potatoes,2009,12683,52.46,1343.0,190.06,35.316
Central African Republic,Potatoes,2010,11650,48.14,1343.0,221.67,91.56
Central African Republic,Potatoes,2011,11574,48.69,1343.0,402.7,108.0408
Central African Republic,Potatoes,2012,11818,36.67,1343.0,226.51,27.2064
Central African Republic,Potatoes,2013,11818,27.87,1343.0,113.26,13.6032
Central African Republic,Potatoes,2014,11622,20.97,1343.0,0.0,0.0
Central African Republic,Potatoes,2015,8991,24.4,1343.0,219.25,12.8533
Central African Republic,Potatoes,2016,10620,41.08,1343.0,210.43,34.9672
Central African Republic,Potatoes,2017,10640,44.74,1343.0,86.18,29.5172
Central African Republic,Potatoes,2018,10076,55.1,1343.0,213.5,11.8592
Central African Republic,Potatoes,2019,10437,43.57,1343.0,208.73,11.384
Chad,Potatoes,2009,83333,53.12,322.0,7061.25,862.0374
Chad,Potatoes,2010,89433,53.14,322.0,8088.85,1495.6326
Chad,Potatoes,2011,91176,52.25,322.0,2217.5,726.812
Chad,Potatoes,2012,91534,50.45,322.0,2217.5,1067.764
Chad,Potatoes,2013,92915,47.74,322.0,2631.2,1646.772
Chad,Potatoes,2014,94099,45.02,322.0,4817.5,721.7108
Chad,Potatoes,2015,95993,43.22,322.0,3026.6,775.3824
Chad,Potatoes,2016,96983,42.31,322.0,3026.6,1849.8521
Chad,Potatoes,2017,95610,42.31,322.0,3026.6,2169.5796
Chad,Potatoes,2018,96200,42.31,322.0,7080.8,598.192
Chad,Potatoes,2019,96262,42.31,322.0,2808.1,1224.288
Chile,Potatoes,2009,205101,7013.69,1522.0,245753.6,30991.534
Chile,Potatoes,2010,212986,6895.43,1522.0,218897.6,39135.033
Chile,Potatoes,2011,312460,7027.68,1522.0,191511.2,38701.8016
Chile,Potatoes,2012,263269,7420.73,1522.0,190681.2,38054.625
Chile,Potatoes,2013,233767,8059.78,1522.0,193098.8,39273.7464
Chile,Potatoes,2014,216752,8359.48,1522.0,190391.2,42845.3494
Chile,Potatoes,2015,190101,9651.25,1522.0,210065.2,44341.8976
Chile,Potatoes,2016,218010,11816.85,1522.0,184672.152,39528.6418
Chile,Potatoes,2017,263762,13564.0,1522.0,163234.548,45129.2022
Chile,Potatoes,2018,286749,13039.24,1522.0,167369.132,43067.9882
Chile,Potatoes,2019,278053,12943.95,1522.0,171236.78,38233.9132
China,Potatoes,2009,144171,331298.46,645.0,29868433.015,5429690.3199
China,Potatoes,2010,156686,339849.79,645.0,28703254.41,5969178.9093
China,Potatoes,2011,162826,345719.27,645.0,30401919.55,5852968.7316
China,Potatoes,2012,167712,350468.61,645.0,30965147.45,6114008.0225
China,Potatoes,2013,170910,351036.72,645.0,31411037.18,6190278.7516
China,Potatoes,2014,171416,349219.95,645.0,29534479.625,6117764.6443
China,Potatoes,2015,173123,346087.2,645.0,29970222.725,5579109.4144
China,Potatoes,2016,176866,338311.71,645.0,28378413.29,5209501.5651
China,Potatoes,2017,182085,323252.76,645.0,26313704.065,5103887.4866
China,Potatoes,2018,189722,294682.45,645.0,25784590.315,5067147.2184
China,Potatoes,2019,221750,273569.51,645.0,24004436.205,4768658.5512
Colombia,Potatoes,2009,183793,51435.13,3240.0,354083.46,67531.979
Colombia,Potatoes,2010,172462,48618.46,3240.0,382270.04,79146.2363
Colombia,Potatoes,2011,173390,53797.0,3240.0,408623.195,81413.4058
Colombia,Potatoes,2012,181661,48727.73,3240.0,386494.4,95685.4647
Colombia,Potatoes,2013,185619,54563.38,3240.0,370569.08,81524.5335
Colombia,Potatoes,2014,200521,73744.34,3240.0,414379.11,90211.4629
Colombia,Potatoes,2015,194786,33689.3,3240.0,481718.365,99282.044
Colombia,Potatoes,2016,188924,32392.0,3240.0,432767.255,98742.6771
Colombia,Potatoes,2017,227565,37699.0,3240.0,485733.755,101420.9226
Colombia,Potatoes,2018,223755,37773.0,3240.0,443214.585,83800.1657
Colombia,Potatoes,2019,233870,69862.0,3240.0,409282.865,78626.9843
Comoros,Potatoes,2009,147207,19.69,900.0,7.84,3.427
Comoros,Potatoes,2010,147526,25.39,900.0,6.34,2.119
Comoros,Potatoes,2011,147844,25.37,900.0,5.88,2.0797
Comoros,Potatoes,2012,148163,20.41,900.0,5.42,2.0405
Comoros,Potatoes,2013,148482,16.16,900.0,3.09,1.0726
Comoros,Potatoes,2014,148800,11.94,900.0,1.14,0.218
Comoros,Potatoes,2015,149119,17.35,900.0,1.13,1.8007
Comoros,Potatoes,2016,149437,18.17,900.0,20.6,1.6873
Comoros,Potatoes,2017,149756,20.94,900.0,2.25,0.388
Comoros,Potatoes,2018,149908,21.37,900.0,7.17,9.1822
Comoros,Potatoes,2019,149937,28.2,900.0,39.13,17.7714
Congo,Potatoes,2009,85000,480.21,1646.0,913.0,323.076
Congo,Potatoes,2010,85696,598.78,1646.0,110.0,38.804
Congo,Potatoes,2011,85967,652.53,1646.0,282.0,69.324
Congo,Potatoes,2012,85947,769.99,1646.0,681.61,72.2975
Congo,Potatoes,2013,85918,858.06,1646.0,637.43,159.7591
Congo,Potatoes,2014,86086,802.96,1646.0,290.4,34.6053
Congo,Potatoes,2015,86267,691.46,1646.0,636.84,90.2651
Congo,Potatoes,2016,86107,499.65,1646.0,318.76,123.6888
Congo,Potatoes,2017,86154,463.12,1646.0,332.94,168.2262
Congo,Potatoes,2018,86178,471.07,1646.0,503.33,121.3344
Congo,Potatoes,2019,86147,579.28,1646.0,820.85,154.174
Costa Rica,Potatoes,2009,250144,12306.67,2926.0,55186.85,7557.2512
Costa Rica,Potatoes,2010,249489,14241.84,2926.0,64102.27,8099.1992
Costa Rica,Potatoes,2011,224226,12811.25,2926.0,95453.485,10377.7134
Costa Rica,Potatoes,2012,252978,12575.54,2926.0,78685.85,9566.736
Costa Rica,Potatoes,2013,235423,12339.82,2926.0,73188.81,7868.8255
Costa Rica,Potatoes,2014,226265,12104.11,2926.0,85761.215,10057.7984
Costa Rica,Potatoes,2015,246532,11868.4,2926.0,87338.775,9093.4776
Costa Rica,Potatoes,2016,246985,11632.69,2926.0,91421.745,4125.3404
Costa Rica,Potatoes,2017,255765,11396.97,2926.0,89821.17,9147.1361
Costa Rica,Potatoes,2018,164423,10284.52,2926.0,107605.985,10374.0554
Costa Rica,Potatoes,2019,166780,11866.02,2926.0,99540.62,5840.462
Croatia,Potatoes,2009,193036,2134.99,1113.0,93412.0,12916.064
Croatia,Potatoes,2010,163115,1605.37,1113.0,106900.0,22262.6832
Croatia,Potatoes,2011,153960,1682.32,1113.0,124924.0,21011.3632
Croatia,Potatoes,2012,147848,1759.27,1113.0,119442.0,11653.408
Croatia,Potatoes,2013,158785,1836.21,1113.0,103860.0,10913.952
Croatia,Potatoes,2014,156011,2109.17,1113.0,88990.0,12669.9856
Croatia,Potatoes,2015,170378,2301.08,1113.0,96814.0,9965.9136
Croatia,Potatoes,2016,196596,1854.0,1113.0,101460.0,7785.3904
Croatia,Potatoes,2017,158740,1570.0,1113.0,112406.0,11075.0976
Croatia,Potatoes,2018,196613,1677.0,1113.0,114510.0,11710.4368
Croatia,Potatoes,2019,184398,1558.0,1113.0,112599.5,10433.3056
Cuba,Potatoes,2009,223237,3504.96,1335.0,31825.45,4094.1468
Cuba,Potatoes,2010,220851,3504.96,1335.0,54493.135,8222.8924
Cuba,Potatoes,2011,224847,3504.96,1335.0,59498.17,7871.1102
Cuba,Potatoes,2012,205385,3504.96,1335.0,58229.525,10082.5109
Cuba,Potatoes,2013,215948,3504.96,1335.0,69832.21,10333.3897
Cuba,Potatoes,2014,207586,3504.96,1335.0,80844.545,8320.8115
Cuba,Potatoes,2015,227201,3504.96,1335.0,64242.005,12862.9134
Cuba,Potatoes,2016,217268,3504.96,1335.0,51319.625,8942.6979
Cuba,Potatoes,2017,217360,3504.96,1335.0,58483.18,7457.0192
Cuba,Potatoes,2018,219312,3504.96,1335.0,37859.555,4988.7578
Cuba,Potatoes,2019,204937,3504.96,1335.0,30859.555,1849.5578
Cyprus,Potatoes,2009,226358,728.61,498.0,6565.5,1556.956
Cyprus,Potatoes,2010,192714,632.48,498.0,6318.5,1577.23
Cyprus,Potatoes,2011,248924,1324.62,498.0,5704.0,1038.77
Cyprus,Potatoes,2012,180659,1266.21,498.0,6445.5,1506.162
Cyprus,Potatoes,2013,212333,1243.1,498.0,6039.5,1930.39
Cyprus,Potatoes,2014,234114,1203.71,498.0,6171.0,1712.826
Cyprus,Potatoes,2015,202579,1056.74,498.0,7270.0,2040.698
Cyprus,Potatoes,2016,243608,1142.13,498.0,7784.115,2306.3332
Cyprus,Potatoes,2017,260543,1163.2,498.0,7584.07,2174.1707
Cyprus,Potatoes,2018,232004,1187.4,498.0,8036.58,2287.1383
Cyprus,Potatoes,2019,211598,1233.5,498.0,7884.495,2327.1783
Czechia,Potatoes,2009,261898,4759.9,677.0,235991.0,14928.204
Czechia,Potatoes,2010,245643,4957.4,677.0,266777.0,16217.238
Czechia,Potatoes,2011,304473,5306.06,677.0,291012.0,17265.818
Czechia,Potatoes,2012,279805,5345.4,677.0,323327.5,17465.724
Czechia,Potatoes,2013,231179,5146.98,677.0,346498.5,19726.384
Czechia,Potatoes,2014,290726,4683.39,677.0,363163.5,15977.22
Czechia,Potatoes,2015,222633,4472.87,677.0,420768.0,20013.054
Czechia,Potatoes,2016,298798,4433.0,677.0,378742.0,22594.828
Czechia,Potatoes,2017,294202,4433.0,677.0,376072.0,24662.558
Czechia,Potatoes,2018,254941,4092.0,677.0,345540.0,23116.284
Czechia,Potatoes,2019,271997,3908.2,677.0,333416.0,23572.34
Denmark,Potatoes,2009,415861,2836.0,703.0,189490.5,9495.099
Denmark,Potatoes,2010,352675,3894.0,703.0,189052.5,8825.4684
Denmark,Potatoes,2011,389423,4549.46,703.0,185075.5,9271.8234
Denmark,Potatoes,2012,421316,5959.04,703.0,191500.0,6867.0
Denmark,Potatoes,2013,415732,4197.1,703.0,182782.0,9596.3382
Denmark,Potatoes,2014,431194,1821.89,703.0,204184.0,12602.1222
Denmark,Potatoes,2015,414128,2583.75,703.0,219527.0,16008.5466
Denmark,Potatoes,2016,424786,2586.88,703.0,233462.935,13307.8968
Denmark,Potatoes,2017,436821,2708.11,703.0,226696.08,16514.4522
Denmark,Potatoes,2018,347462,2647.13,703.0,226193.395,13530.6721
Denmark,Potatoes,2019,424815,2660.87,703.0,225069.9,12616.2937
Dominican Republic,Potatoes,2009,219707,5975.25,1410.0,56743.5,6958.996
Dominican Republic,Potatoes,2010,237316,6316.61,1410.0,57782.5,10354.128
Dominican Republic,Potatoes,2011,236186,6384.22,1410.0,50757.5,9569.328
Dominican Republic,Potatoes,2012,242634,6451.83,1410.0,46452.5,8076.464
Dominican Republic,Potatoes,2013,256603,6519.43,1410.0,42844.5,8562.604
Dominican Republic,Potatoes,2014,267053,6587.04,1410.0,52603.52,8396.2177
Dominican Republic,Potatoes,2015,266815,5028.43,1410.0,59576.285,8165.3557
Dominican Republic,Potatoes,2016,267138,5874.45,1410.0,65143.92,11057.2674
Dominican Republic,Potatoes,2017,267181,6815.45,1410.0,65497.175,10283.3587
Dominican Republic,Potatoes,2018,266671,7069.45,1410.0,102410.705,17910.3851
Dominican Republic,Potatoes,2019,268521,7069.45,1410.0,90749.15,5401.7937
Ecuador,Potatoes,2009,58531,9666.87,2274.0,142780.5,13458.448
Ecuador,Potatoes,2010,87422,31637.12,2274.0,145448.0,15889.366
Ecuador,Potatoes,2011,77752,17529.44,2274.0,161243.0,16335.394
Ecuador,Potatoes,2012,83078,11469.74,2274.0,159967.135,12973.5768
Ecuador,Potatoes,2013,73131,6471.77,2274.0,168783.025,17388.2337
Ecuador,Potatoes,2014,126795,33573.94,2274.0,185821.86,21513.3387
Ecuador,Potatoes,2015,133830,44564.66,2274.0,169108.72,20118.5377
Ecuador,Potatoes,2016,142599,39239.6,2274.0,222817.935,19366.3788
Ecuador,Potatoes,2017,127740,37808.0,2274.0,199146.93,22071.7021
Ecuador,Potatoes,2018,121816,37408.2,2274.0,239211.535,26340.9858
Ecuador,Potatoes,2019,139946,34081.3,2274.0,210556.29,23984.7132
Egypt,Potatoes,2009,264241,9013.0,18.1,1193200.0,65400.0
Egypt,Potatoes,2010,259211,11590.0,18.1,1158700.0,65530.8
Egypt,Potatoes,2011,264311,12945.0,18.1,1207000.0,65400.0
Egypt,Potatoes,2012,268531,13991.0,18.1,1086800.0,71068.0
Egypt,Potatoes,2013,266276,13653.0,18.1,1104100.0,121883.8
Egypt,Potatoes,2014,268077,11363.0,18.1,1124600.0,111245.4
Egypt,Potatoes,2015,269646,8043.71,18.1,1219950.0,145209.8
Egypt,Potatoes,2016,259936,11523.61,18.1,1281150.0,99364.4
Egypt,Potatoes,2017,277724,8107.45,18.1,1315250.0,114907.8
Egypt,Potatoes,2018,289282,11352.49,18.1,1334200.0,96835.6
Egypt,Potatoes,2019,292876,13024.0,18.1,1253400.0,121731.2
El Salvador,Potatoes,2009,252417,3333.88,1784.0,55326.5,3610.516
El Salvador,Potatoes,2010,252796,3598.59,1784.0,60287.0,8515.08
El Salvador,Potatoes,2011,196316,3231.13,1784.0,60776.0,7825.328
El Salvador,Potatoes,2012,295706,2595.16,1784.0,60542.7,8831.1538
El Salvador,Potatoes,2013,426047,6005.08,1784.0,59184.53,8480.8257
El Salvador,Potatoes,2014,262530,5638.23,1784.0,48116.725,3294.0127
El Salvador,Potatoes,2015,260109,1747.35,1784.0,56646.3,6682.7987
El Salvador,Potatoes,2016,255355,1419.2,1784.0,50724.745,5011.5257
El Salvador,Potatoes,2017,292208,3133.73,1784.0,50052.34,6667.0264
El Salvador,Potatoes,2018,291686,2955.68,1784.0,57887.06,7607.7531
El Salvador,Potatoes,2019,263801,2525.72,1784.0,41382.835,4275.9174
Eritrea,Potatoes,2009,12000,27.63,384.0,540.0,601.68
Eritrea,Potatoes,2010,15208,27.63,384.0,280.0,409.606
Eritrea,Potatoes,2011,18724,27.63,384.0,565.0,217.532
Eritrea,Potatoes,2012,15408,27.63,384.0,617.36,25.458
Eritrea,Potatoes,2013,13955,27.63,384.0,820.37,0.0
Eritrea,Potatoes,2014,11621,27.63,384.0,942.24,22.9598
Eritrea,Potatoes,2015,7707,27.63,384.0,1013.99,0.0
Eritrea,Potatoes,2016,4117,27.63,384.0,1922.55,0.0
Eritrea,Potatoes,2017,7815,27.63,384.0,1774.33,0.0
Eritrea,Potatoes,2018,6547,27.63,384.0,4650.05,17.6493
Eritrea,Potatoes,2019,6160,27.63,384.0,4130.77,0.0
Estonia,Potatoes,2009,152752,402.0,626.0,28002.6,2541.88
Estonia,Potatoes,2010,174562,514.0,626.0,29622.6,3077.506
Estonia,Potatoes,2011,178361,460.0,626.0,31186.35,3322.102
Estonia,Potatoes,2012,182175,553.0,626.0,33335.1,3786.442
Estonia,Potatoes,2013,193558,567.0,626.0,38096.55,4396.188
Estonia,Potatoes,2014,183281,597.0,626.0,39512.7,4282.828
Estonia,Potatoes,2015,202069,594.0,626.0,43324.2,4374.388
Estonia,Potatoes,2016,159210,712.0,626.0,40675.5,4335.802
Estonia,Potatoes,2017,169232,673.97,626.0,41549.85,4862.49
Estonia,Potatoes,2018,177462,636.08,626.0,43995.15,4862.054
Estonia,Potatoes,2019,235676,776.62,626.0,50147.1,5948.566
Eswatini,Potatoes,2009,20290,185.24,788.0,5743.7,1062.0088
Eswatini,Potatoes,2010,20000,484.4,788.0,5656.3,1022.2456
Eswatini,Potatoes,2011,19730,587.21,788.0,6047.7,1140.7068
Eswatini,Potatoes,2012,21053,581.59,788.0,6338.4,1172.186
Eswatini,Potatoes,2013,21579,462.22,788.0,6102.8,1650.1728
Eswatini,Potatoes,2014,21227,522.75,788.0,5857.7,1615.38
Eswatini,Potatoes,2015,20920,582.07,788.0,5352.3,1632.7764
Eswatini,Potatoes,2016,20887,680.43,788.0,5035.0,1453.842
Eswatini,Potatoes,2017,20949,863.44,788.0,6967.3,1660.942
Eswatini,Potatoes,2018,21073,1039.6,788.0,5833.0,1544.1376
Eswatini,Potatoes,2019,21140,1148.16,788.0,5774.1,1547.4512
Ethiopia,Potatoes,2009,82015,3699.2,848.0,109182.0,52143.42
Ethiopia,Potatoes,2010,82829,4128.1,848.0,130570.5,61489.516
Ethiopia,Potatoes,2011,79894,4128.1,848.0,142600.5,62371.326
Ethiopia,Potatoes,2012,115213,4128.1,848.0,214444.92,83997.604
Ethiopia,Potatoes,2013,117611,4128.1,848.0,166668.7,74163.6981
Ethiopia,Potatoes,2014,136847,4128.1,848.0,224552.595,76800.2163
Ethiopia,Potatoes,2015,148256,4128.1,848.0,258906.56,89027.8951
Ethiopia,Potatoes,2016,137681,4128.1,848.0,303430.12,88796.9198
Ethiopia,Potatoes,2017,139198,4128.1,848.0,359912.97,95459.3573
Ethiopia,Potatoes,2018,140033,4128.1,848.0,300076.565,88936.4136
Ethiopia,Potatoes,2019,131396,4128.1,848.0,351861.235,97155.0136
Fiji,Potatoes,2009,79438,709.7,2592.0,2747.0,252.008
Fiji,Potatoes,2010,71774,689.97,2592.0,2435.0,108.128
Fiji,Potatoes,2011,71085,710.1,2592.0,3533.0,13.952
Fiji,Potatoes,2012,65000,805.54,2592.0,3963.5,167.2147
Fiji,Potatoes,2013,60909,769.07,2592.0,3707.92,355.061
Fiji,Potatoes,2014,68506,1013.12,2592.0,2787.9,940.6177
Fiji,Potatoes,2015,120000,515.81,2592.0,5825.57,277.7669
Fiji,Potatoes,2016,120000,813.85,2592.0,4219.75,934.6532
Fiji,Potatoes,2017,120000,721.33,2592.0,5064.69,1253.3082
Fiji,Potatoes,2018,120000,1233.15,2592.0,3003.09,690.8376
Fiji,Potatoes,2019,150000,618.92,2592.0,4253.48,299.6061
Finland,Potatoes,2009,286098,4804.83,536.0,96953.15,12644.0
Finland,Potatoes,2010,261548,3806.97,536.0,110433.05,11990.0
Finland,Potatoes,2011,275943,4043.94,536.0,98665.0,10464.0
Finland,Potatoes,2012,236522,4283.01,536.0,97965.0,10246.0
Finland,Potatoes,2013,281312,4475.97,536.0,99447.6,10928.909
Finland,Potatoes,2014,272864,4436.73,536.0,103380.55,10714.1681
Finland,Potatoes,2015,242968,4919.12,536.0,102017.65,10065.4829
Finland,Potatoes,2016,270783,4376.75,536.0,100494.8,9706.4042
Finland,Potatoes,2017,288632,4243.0,536.0,97631.8,10917.5185
Finland,Potatoes,2018,280514,4817.0,536.0,100584.75,10751.978
Finland,Potatoes,2019,289206,3980.0,536.0,103529.3,10919.8358
France,Potatoes,2009,437856,63676.0,867.0,1786329.0,111938.967
France,Potatoes,2010,421566,61903.0,867.0,1971180.0,152630.847
France,Potatoes,2011,468991,61351.89,867.0,1784002.5,132176.997
France,Potatoes,2012,413769,63844.29,867.0,1873993.05,182411.2602
France,Potatoes,2013,431560,66676.69,867.0,1955898.45,184308.5142
France,Potatoes,2014,479779,75339.2,867.0,1959334.65,167466.3138
France,Potatoes,2015,425052,66896.92,867.0,2003328.9,170503.8822
France,Potatoes,2016,388267,72064.82,867.0,1994727.15,150796.377
France,Potatoes,2017,440460,70603.5,867.0,2065561.65,173811.8142
France,Potatoes,2018,393886,85072.22,867.0,1951755.75,171452.9016
France,Potatoes,2019,413227,54366.97,867.0,1874474.1,159392.6838
Georgia,Potatoes,2009,120444,3081.1,1026.0,25725.75,342.6568
Georgia,Potatoes,2010,110531,3081.1,1026.0,21021.0,364.7576
Georgia,Potatoes,2011,135594,3081.1,1026.0,20880.25,728.4862
Georgia,Potatoes,2012,98054,3081.1,1026.0,24108.75,1347.4406
Georgia,Potatoes,2013,114517,3081.1,1026.0,25150.5,2622.4899
Georgia,Potatoes,2014,118950,3081.1,1026.0,23796.5,2581.0132
Georgia,Potatoes,2015,85550,1350.98,1026.0,19530.75,1895.4642
Georgia,Potatoes,2016,124500,1481.03,1026.0,20237.5,2193.1105
Georgia,Potatoes,2017,91421,1738.19,1026.0,18767.25,1782.3244
Georgia,Potatoes,2018,126330,2237.26,1026.0,21394.5,1513.6459
Georgia,Potatoes,2019,119448,2565.94,1026.0,20675.0,1914.9948
Germany,Potatoes,2009,443045,39289.43,700.0,1255218.0,92284.4358
Germany,Potatoes,2010,398758,40832.42,700.0,1428994.0,112353.5376
Germany,Potatoes,2011,457565,44429.92,700.0,1312005.6,96879.636
Germany,Potatoes,2012,447570,46204.26,700.0,1318651.2,111611.9016
Germany,Potatoes,2013,398258,44039.03,700.0,1340235.6,111637.2114
Germany,Potatoes,2014,474154,46777.65,700.0,1457756.4,118207.3608
Germany,Potatoes,2015,438116,48002.64,700.0,1369206.4,112925.2644
Germany,Potatoes,2016,444027,47027.57,700.0,1326894.8,90640.2798
Germany,Potatoes,2017,467864,48420.18,700.0,1197259.6,81820.6974
Germany,Potatoes,2018,353719,45079.86,700.0,1073833.6,78942.8358
Germany,Potatoes,2019,390361,45301.23,700.0,1098233.6,97269.2892
Greece,Potatoes,2009,207007,3404.4,652.0,178000.0,27906.2192
Greece,Potatoes,2010,206835,5607.7,652.0,205000.0,31375.4996
Greece,Potatoes,2011,202160,8189.8,652.0,179697.0,22106.8372
Greece,Potatoes,2012,199165,8002.2,652.0,178722.5,24852.0
Greece,Potatoes,2013,206787,8081.72,652.0,187604.0,24754.99
Greece,Potatoes,2014,235796,9504.13,652.0,182975.0,23269.32
Greece,Potatoes,2015,247831,9018.87,652.0,173131.5,22363.094
Greece,Potatoes,2016,237041,9200.0,652.0,180811.5,22784.052
Greece,Potatoes,2017,252365,8503.0,652.0,182863.0,22118.716
Greece,Potatoes,2018,276750,4869.36,652.0,179468.0,24313.1302
Greece,Potatoes,2019,294803,4890.64,652.0,187224.0,25383.1984
Guatemala,Potatoes,2009,252535,13276.7,1996.0,112872.0,13705.878
Guatemala,Potatoes,2010,252547,14898.25,1996.0,126269.0,25741.876
Guatemala,Potatoes,2011,255064,16540.71,1996.0,150551.0,20001.936
Guatemala,Potatoes,2012,249536,19726.3,1996.0,165337.025,24999.4814
Guatemala,Potatoes,2013,247554,20489.4,1996.0,190568.8,25562.2963
Guatemala,Potatoes,2014,249561,11438.92,1996.0,181619.35,26991.2427
Guatemala,Potatoes,2015,252537,10040.41,1996.0,174589.045,21447.6531
Guatemala,Potatoes,2016,256849,11444.49,1996.0,161743.215,19909.0767
Guatemala,Potatoes,2017,256336,11302.12,1996.0,177144.95,25875.122
Guatemala,Potatoes,2018,257181,11841.7,1996.0,196435.74,22428.9387
Guatemala,Potatoes,2019,258436,11001.99,1996.0,176441.63,22538.5055
Guinea,Potatoes,2009,89880,449.26,1651.0,1259.0,184.428
Guinea,Potatoes,2010,59840,556.24,1651.0,2528.0,43.164
Guinea,Potatoes,2011,56960,663.23,1651.0,5098.0,1173.712
Guinea,Potatoes,2012,68229,770.21,1651.0,5378.76,729.4716
Guinea,Potatoes,2013,75236,877.19,1651.0,2723.09,1345.0426
Guinea,Potatoes,2014,116370,400.65,1651.0,2920.57,4.0897
Guinea,Potatoes,2015,130748,282.3,1651.0,2412.19,90.9888
Guinea,Potatoes,2016,261481,163.96,1651.0,2229.0,34.88
Guinea,Potatoes,2017,171064,206.3,1651.0,13047.26,3040.6814
Guinea,Potatoes,2018,128755,108.5,1651.0,7055.31,3469.797
Guinea,Potatoes,2019,119998,110.5,1651.0,7055.31,3469.797
Haiti,Potatoes,2009,125000,733.65,1440.0,70.22,2188.9642
Haiti,Potatoes,2010,121061,1037.44,1440.0,286.74,3263.3118
Haiti,Potatoes,2011,126588,881.9,1440.0,2951.17,20453.0761
Haiti,Potatoes,2012,127342,865.92,1440.0,5615.6,37642.8404
Haiti,Potatoes,2013,127319,506.84,1440.0,4471.48,1764.4179
Haiti,Potatoes,2014,127362,393.19,1440.0,8379.8,3045.0894
Haiti,Potatoes,2015,126563,386.78,1440.0,5154.53,989.8421
Haiti,Potatoes,2016,127103,465.09,1440.0,2176.15,508.1057
Haiti,Potatoes,2017,127010,620.65,1440.0,6653.15,1704.2542
Haiti,Potatoes,2018,126868,646.12,1440.0,3958.14,1968.1258
Haiti,Potatoes,2019,126995,695.93,1440.0,16733.3,7896.4004
Honduras,Potatoes,2009,166654,4344.36,1976.0,47616.87,5108.1891
Honduras,Potatoes,2010,146252,5736.63,1976.0,56041.67,6682.8467
Honduras,Potatoes,2011,159629,6324.41,1976.0,85542.5,10113.0636
Honduras,Potatoes,2012,142073,7194.91,1976.0,75417.43,7979.5543
Honduras,Potatoes,2013,163866,7282.38,1976.0,85656.27,13689.1988
Honduras,Potatoes,2014,141667,7604.05,1976.0,84053.825,13971.0205
Honduras,Potatoes,2015,141667,8113.5,1976.0,80621.51,18823.2601
Honduras,Potatoes,2016,141667,7529.13,1976.0,95922.375,14944.6608
Honduras,Potatoes,2017,148632,8153.23,1976.0,77887.875,13862.9928
Honduras,Potatoes,2018,148066,8782.61,1976.0,93176.21,17631.3299
Honduras,Potatoes,2019,150763,8214.39,1976.0,91718.315,14419.2416
Hungary,Potatoes,2009,251082,11144.0,589.0,262528.0,20369.484
Hungary,Potatoes,2010,217319,10299.5,589.0,265636.0,18485.092
Hungary,Potatoes,2011,285714,8473.26,589.0,297722.5,22737.4
Hungary,Potatoes,2012,218385,8141.23,589.0,317970.0,26365.138
Hungary,Potatoes,2013,232630,7767.34,589.0,335974.5,30552.046
Hungary,Potatoes,2014,270462,9003.86,589.0,334876.5,32791.996
Hungary,Potatoes,2015,241264,9483.76,589.0,338890.5,31131.708
Hungary,Potatoes,2016,261659,9763.86,589.0,377985.0,35594.168
Hungary,Potatoes,2017,246182,9756.22,589.0,408238.0,43211.088
Hungary,Potatoes,2018,242472,8535.05,589.0,418138.5,42042.172
Hungary,Potatoes,2019,258495,7814.98,589.0,412400.5,40534.702
Iceland,Potatoes,2009,133427,4.37,1940.0,10267.5,1591.182
Iceland,Potatoes,2010,175000,2.73,1940.0,10295.0,1878.506
Iceland,Potatoes,2011,139961,3.43,1940.0,10835.0,2051.38
Iceland,Potatoes,2012,192079,3.14,1940.0,11264.5,2274.394
Iceland,Potatoes,2013,120000,2.41,1940.0,8208.0,2904.196
Iceland,Potatoes,2014,138333,3.88,1940.0,9846.5,3702.948
Iceland,Potatoes,2015,150833,4.08,1940.0,9737.0,2313.852
Iceland,Potatoes,2016,165500,3.0,1940.0,8665.5,2995.756
Iceland,Potatoes,2017,150000,2.0,1940.0,10333.0,2081.028
Iceland,Potatoes,2018,100333,2.0,1940.0,9471.5,2015.41
Iceland,Potatoes,2019,136667,0.98,1940.0,8340.5,1696.476
India,Potatoes,2009,188103,28707.01,1083.0,14013347.4,3166975.38
India,Potatoes,2010,199299,40093.69,1083.0,14853983.85,3541513.114
India,Potatoes,2011,227240,55540.0,1083.0,15600483.0,3558595.812
India,Potatoes,2012,217530,52980.0,1083.0,15138810.0,2900882.4
India,Potatoes,2013,227606,45620.0,1083.0,15075090.0,2456206.0
India,Potatoes,2014,229224,56267.67,1083.0,15254640.0,2659098.6
India,Potatoes,2015,231257,56720.12,1083.0,15635070.0,3042756.8
India,Potatoes,2016,205087,58634.43,1083.0,15061860.0,2923554.4
India,Potatoes,2017,223061,63405.78,1083.0,15262695.0,2988453.0
India,Potatoes,2018,239542,59669.93,1083.0,15869700.0,3025425.8
India,Potatoes,2019,230971,61701.9,1083.0,17084385.0,3297642.4
Indonesia,Potatoes,2009,165123,260714.84,2702.0,3075187.0,187819.5132
Indonesia,Potatoes,2010,159445,313639.25,2702.0,2914736.5,246077.964
Indonesia,Potatoes,2011,159562,206061.7,2702.0,2936711.0,274094.343
Indonesia,Potatoes,2012,165820,254912.71,2702.0,3005019.805,450890.5554
Indonesia,Potatoes,2013,160184,314990.4,2702.0,2873503.21,388709.2818
Indonesia,Potatoes,2014,176668,253450.88,2702.0,2999452.825,467062.3816
Indonesia,Potatoes,2015,182027,313069.12,2702.0,3130899.12,527372.951
Indonesia,Potatoes,2016,182549,349797.63,2702.0,3056313.99,495934.893
Indonesia,Potatoes,2017,154044,279005.69,2702.0,3172645.705,615430.9818
Indonesia,Potatoes,2018,187056,261305.81,2702.0,3363843.63,576070.7543
Indonesia,Potatoes,2019,192701,274421.03,2702.0,3123889.715,489968.7179
Iraq,Potatoes,2009,113307,850.42,216.0,160923.0,29946.878
Iraq,Potatoes,2010,157177,744.33,216.0,114890.0,26024.84
Iraq,Potatoes,2011,137820,638.24,216.0,136470.0,26024.84
Iraq,Potatoes,2012,134713,532.15,216.0,153492.58,19578.4514
Iraq,Potatoes,2013,170599,426.05,216.0,181766.565,34175.3695
Iraq,Potatoes,2014,156264,396.0,216.0,151186.12,10755.2393
Iraq,Potatoes,2015,266114,196.75,216.0,131018.42,16352.2977
Iraq,Potatoes,2016,245181,151.46,216.0,188636.14,17520.8518
Iraq,Potatoes,2017,277621,214.79,216.0,182468.935,33341.8661
Iraq,Potatoes,2018,269832,283.99,216.0,200356.82,52413.3912
Iraq,Potatoes,2019,279585,283.99,216.0,202106.82,51454.1912
Ireland,Potatoes,2009,275492,2268.1,1118.0,83650.425,5718.8463
Ireland,Potatoes,2010,343934,2529.2,1118.0,76779.635,5369.074
Ireland,Potatoes,2011,342404,3713.76,1118.0,67566.64,7906.0142
Ireland,Potatoes,2012,257778,2801.78,1118.0,79470.06,7883.0893
Ireland,Potatoes,2013,383271,2935.81,1118.0,78036.93,7896.8538
Ireland,Potatoes,2014,403158,3392.34,1118.0,76346.43,8520.117
Ireland,Potatoes,2015,423647,3503.61,1118.0,76458.785,10102.3692
Ireland,Potatoes,2016,391111,3112.53,1118.0,79856.46,9974.0446
Ireland,Potatoes,2017,449314,2942.02,1118.0,86168.235,10656.1825
Ireland,Potatoes,2018,331725,2651.36,1118.0,94103.925,11229.2407
Ireland,Potatoes,2019,441027,2971.77,1118.0,84980.86,10797.4295
Israel,Potatoes,2009,320438,6650.0,435.0,37080.0,4621.6
Israel,Potatoes,2010,338987,6753.0,435.0,32445.0,4621.6
Israel,Potatoes,2011,340561,6124.0,435.0,40230.0,4403.6
Israel,Potatoes,2012,364216,6009.0,435.0,39960.0,5166.6
Israel,Potatoes,2013,342024,6005.0,435.0,42210.0,3357.2
Israel,Potatoes,2014,357683,6335.0,435.0,41760.0,2572.4
Israel,Potatoes,2015,319145,6367.0,435.0,40545.0,2485.2
Israel,Potatoes,2016,340684,6093.0,435.0,42255.0,2528.8
Israel,Potatoes,2017,346667,6881.0,435.0,43560.0,2528.8
Israel,Potatoes,2018,347882,7322.0,435.0,43695.0,2572.4
Israel,Potatoes,2019,375291,6983.0,435.0,40770.0,3095.6
Italy,Potatoes,2009,248352,74172.0,832.0,553240.0,85244.5836
Italy,Potatoes,2010,249684,71613.0,832.0,535302.5,71466.6348
Italy,Potatoes,2011,249158,70690.0,832.0,542271.5,74050.0002
Italy,Potatoes,2012,254511,61889.0,832.0,588000.0,65923.2
Italy,Potatoes,2013,252483,55633.0,832.0,597300.0,66759.012
Italy,Potatoes,2014,260834,59422.0,832.0,578508.0,67044.483
Italy,Potatoes,2015,271561,63322.0,832.0,606118.0,66571.641
Italy,Potatoes,2016,284374,60259.0,832.0,603165.0,63619.812
Italy,Potatoes,2017,277313,56641.0,832.0,599421.0,66079.179
Italy,Potatoes,2018,281628,54153.0,832.0,594933.5,64900.2132
Italy,Potatoes,2019,285928,48567.0,832.0,580072.0,71415.0342
Jamaica,Potatoes,2009,169416,1252.09,2051.0,4505.0,978.82
Jamaica,Potatoes,2010,142411,1034.18,2051.0,4826.0,1002.8
Jamaica,Potatoes,2011,190236,1108.54,2051.0,4729.0,1529.924
Jamaica,Potatoes,2012,165440,1278.96,2051.0,6362.0,1622.792
Jamaica,Potatoes,2013,165914,1218.48,2051.0,4801.62,1311.7104
Jamaica,Potatoes,2014,169498,1138.79,2051.0,4840.89,1271.7815
Jamaica,Potatoes,2015,164544,1051.14,2051.0,2638.51,411.2396
Jamaica,Potatoes,2016,167226,1409.14,2051.0,3133.25,1088.6571
Jamaica,Potatoes,2017,165043,1560.62,2051.0,3757.95,712.5374
Jamaica,Potatoes,2018,144202,1761.15,2051.0,6192.21,1946.0904
Jamaica,Potatoes,2019,158758,1500.4,2051.0,4779.17,1277.3274
Japan,Potatoes,2009,295909,60970.8,1668.0,296828.14,135116.4
Japan,Potatoes,2010,277576,55576.0,1668.0,330998.956,173571.6
Japan,Potatoes,2011,294691,51796.3,1668.0,328887.568,164677.2
Japan,Potatoes,2012,307882,54716.4,1668.0,328438.564,162846.0
Japan,Potatoes,2013,302133,52794.3,1668.0,312960.0,158682.2
Japan,Potatoes,2014,313665,53543.7,1668.0,312160.0,153428.4
Japan,Potatoes,2015,315550,54171.16,1668.0,287320.0,147673.2
Japan,Potatoes,2016,284845,51006.0,1668.0,304160.0,146299.8
Japan,Potatoes,2017,310233,52248.0,1668.0,308400.0,154605.6
Japan,Potatoes,2018,295425,52332.0,1668.0,295520.0,147433.4
Japan,Potatoes,2019,322446,51970.0,1668.0,285920.0,142310.4
Jordan,Potatoes,2009,312382,1089.5,111.0,8200.0,2616.0
Jordan,Potatoes,2010,301761,932.8,111.0,10200.0,2616.0
Jordan,Potatoes,2011,367856,1111.9,111.0,10200.0,2616.0
Jordan,Potatoes,2012,234470,708.0,111.0,10500.0,2616.0
Jordan,Potatoes,2013,303332,1010.0,111.0,17908.5,948.736
Jordan,Potatoes,2014,319430,719.0,111.0,14819.5,1258.078
Jordan,Potatoes,2015,259545,666.0,111.0,22261.5,1609.276
Jordan,Potatoes,2016,400447,1028.0,111.0,16056.5,1464.524
Jordan,Potatoes,2017,388321,1291.4,111.0,14492.5,1769.506
Jordan,Potatoes,2018,403113,675.0,111.0,14559.0,1355.306
Jordan,Potatoes,2019,378659,1862.0,111.0,15151.5,1684.486
Kazakhstan,Potatoes,2009,162092,8716.14,250.0,39750.0,7215.8
Kazakhstan,Potatoes,2010,143194,6283.85,250.0,47850.5,4858.348
Kazakhstan,Potatoes,2011,167176,10656.6,250.0,52761.5,9489.54
Kazakhstan,Potatoes,2012,165927,8674.58,250.0,83482.0,6492.912
Kazakhstan,Potatoes,2013,181522,8738.38,250.0,42271.0,11864.868
Kazakhstan,Potatoes,2014,184251,11158.77,250.0,73577.0,15293.79
Kazakhstan,Potatoes,2015,185500,10588.9,250.0,82566.0,17093.598
Kazakhstan,Potatoes,2016,190381,10372.1,250.0,87309.985,14855.5184
Kazakhstan,Potatoes,2017,194161,13811.1,250.0,96411.355,22634.8593
Kazakhstan,Potatoes,2018,197945,13058.0,250.0,97752.395,21122.8113
Kazakhstan,Potatoes,2019,203408,13102.4,250.0,64421.145,17859.589
Kenya,Potatoes,2009,191199,2181.52,630.0,80997.165,34680.1659
Kenya,Potatoes,2010,224279,2757.77,630.0,93208.135,33929.6682
Kenya,Potatoes,2011,191690,3143.67,630.0,99690.06,40444.7879
Kenya,Potatoes,2012,203389,3970.66,630.0,111721.99,45412.1076
Kenya,Potatoes,2013,144262,4476.33,630.0,152603.915,63721.0272
Kenya,Potatoes,2014,140655,4660.68,630.0,126190.34,50112.7871
Kenya,Potatoes,2015,147043,4764.24,630.0,113276.76,42586.7469
Kenya,Potatoes,2016,91520,4773.06,630.0,125484.305,56529.6301
Kenya,Potatoes,2017,91858,5293.41,630.0,173944.405,68287.6956
Kenya,Potatoes,2018,86067,6073.6,630.0,122057.215,55213.2807
Kenya,Potatoes,2019,92919,6587.2,630.0,153027.075,62639.5161
Kuwait,Potatoes,2009,280945,1126.94,121.0,1000.0,0.0
Kuwait,Potatoes,2010,281186,1222.75,121.0,1000.0,375.2826
Kuwait,Potatoes,2011,402467,1536.94,121.0,1000.0,263.6666
Kuwait,Potatoes,2012,359853,1969.43,121.0,1500.0,293.3888
Kuwait,Potatoes,2013,267429,2262.97,121.0,3000.0,226.9576
Kuwait,Potatoes,2014,416224,2384.53,121.0,3250.0,257.9376
Kuwait,Potatoes,2015,752987,2034.18,121.0,3100.0,360.8314
Kuwait,Potatoes,2016,272969,1449.71,121.0,4550.0,491.3284
Kuwait,Potatoes,2017,623747,1030.47,121.0,2700.0,587.6473
Kuwait,Potatoes,2018,623270,1110.0,121.0,2550.0,575.0273
Kuwait,Potatoes,2019,474210,1341.3,121.0,2330.24,553.9576
Kyrgyzstan,Potatoes,2009,159993,266.8,533.0,28443.5,551.976
Kyrgyzstan,Potatoes,2010,159644,350.1,533.0,29307.0,1396.944
Kyrgyzstan,Potatoes,2011,162543,312.9,533.0,27223.5,856.304
Kyrgyzstan,Potatoes,2012,161034,365.1,533.0,29454.0,1784.548
Kyrgyzstan,Potatoes,2013,165456,341.1,533.0,34712.0,3732.814
Kyrgyzstan,Potatoes,2014,167406,402.6,533.0,33874.0,1627.806
Kyrgyzstan,Potatoes,2015,167642,516.0,533.0,12393.015,227.6792
Kyrgyzstan,Potatoes,2016,168994,533.0,533.0,12042.83,1247.021
Kyrgyzstan,Potatoes,2017,170537,560.0,533.0,33055.965,854.2875
Kyrgyzstan,Potatoes,2018,171342,608.0,533.0,36326.5,1742.91
Kyrgyzstan,Potatoes,2019,173444,677.3,533.0,45336.8,2515.1532
Latvia,Potatoes,2009,175133,881.2,667.0,43968.6,5040.596
Latvia,Potatoes,2010,160797,1027.5,667.0,44389.35,5918.7
Latvia,Potatoes,2011,168013,1074.01,667.0,49398.75,6953.764
Latvia,Potatoes,2012,191099,1281.04,667.0,55351.8,8459.926
Latvia,Potatoes,2013,181648,1250.5,667.0,57013.2,9905.484
Latvia,Potatoes,2014,188690,1417.41,667.0,58245.75,9672.66
Latvia,Potatoes,2015,200500,1510.15,667.0,71919.0,10323.172
Latvia,Potatoes,2016,212814,1724.62,667.0,88643.25,12981.246
Latvia,Potatoes,2017,189907,1478.43,667.0,81918.45,12857.858
Latvia,Potatoes,2018,198182,1586.99,667.0,80118.0,12577.292
Latvia,Potatoes,2019,223700,1650.67,667.0,86948.1,13870.032
Lebanon,Potatoes,2009,224868,1816.0,661.0,21715.185,6888.8
Lebanon,Potatoes,2010,237974,1816.0,661.0,19203.325,7019.6
Lebanon,Potatoes,2011,239130,1816.0,661.0,19145.04,6976.0
Lebanon,Potatoes,2012,233333,1816.0,661.0,21724.575,6976.0
Lebanon,Potatoes,2013,260759,1816.0,661.0,21233.1,5559.0
Lebanon,Potatoes,2014,252295,1816.0,661.0,16549.93,5515.4
Lebanon,Potatoes,2015,260750,1816.0,661.0,19362.135,2857.1167
Lebanon,Potatoes,2016,285948,1816.0,661.0,19829.435,3331.3801
Lebanon,Potatoes,2017,292552,1816.0,661.0,21854.455,3129.778
Lebanon,Potatoes,2018,275672,1816.0,661.0,16112.96,3675.8288
Lebanon,Potatoes,2019,272304,1816.0,661.0,16040.865,2967.3855
Lesotho,Potatoes,2009,159649,35.73,788.0,2960.3314,654.4385
Lesotho,Potatoes,2010,165000,28.45,788.0,2716.6229,550.6708
Lesotho,Potatoes,2011,164706,25.63,788.0,2472.9143,446.9031
Lesotho,Potatoes,2012,164286,25.73,788.0,2229.2057,343.1354
Lesotho,Potatoes,2013,173611,26.1,788.0,1985.4971,239.3677
Lesotho,Potatoes,2014,171074,20.72,788.0,1741.7886,135.6
Lesotho,Potatoes,2015,168817,87.03,788.0,1498.08,31.8324
Lesotho,Potatoes,2016,180121,95.06,788.0,1522.0,136.9476
Lesotho,Potatoes,2017,176911,140.57,788.0,1402.18,439.4357
Lesotho,Potatoes,2018,175873,91.65,788.0,3036.97,816.9942
Lesotho,Potatoes,2019,177591,166.04,788.0,3056.27,112.0956
Libya,Potatoes,2009,194798,2264.6,56.0,32000.0,10067.4384
Libya,Potatoes,2010,194306,2312.48,56.0,32000.0,13884.202
Libya,Potatoes,2011,189247,1942.03,56.0,31900.0,21364.0
Libya,Potatoes,2012,189474,1719.23,56.0,32400.0,21494.8
Libya,Potatoes,2013,196667,1496.43,56.0,30450.0,12378.6635
Libya,Potatoes,2014,200584,1273.63,56.0,17600.0,9211.8908
Libya,Potatoes,2015,198282,1050.82,56.0,20550.0,5210.2
Libya,Potatoes,2016,195802,842.59,56.0,11150.0,5948.7971
Libya,Potatoes,2017,198071,754.82,56.0,32100.0,7210.7969
Libya,Potatoes,2018,199659,1052.6,56.0,15100.0,6869.241
Libya,Potatoes,2019,198050,1410.08,56.0,14450.0,6783.615
Lithuania,Potatoes,2009,142167,2748.8,656.0,134400.0,11562.72
Lithuania,Potatoes,2010,130301,1803.77,656.0,143200.0,12208.0
Lithuania,Potatoes,2011,155889,2062.34,656.0,147000.0,12556.8
Lithuania,Potatoes,2012,170776,2559.9,656.0,151500.0,13428.8
Lithuania,Potatoes,2013,148606,2515.69,656.0,156113.0,14754.9376
Lithuania,Potatoes,2014,171612,2545.5,656.0,163200.0,15447.48
Lithuania,Potatoes,2015,169832,2737.7,656.0,165306.5,16000.1536
Lithuania,Potatoes,2016,158985,3337.0,656.0,164868.5,16983.7696
Lithuania,Potatoes,2017,122498,2994.0,656.0,169574.5,18200.7328
Lithuania,Potatoes,2018,155056,2050.0,656.0,166766.5,18130.7984
Lithuania,Potatoes,2019,180999,2317.72,656.0,176801.5,18257.4128
Luxembourg,Potatoes,2009,331854,154.25,934.0,5353.6,302.148
Luxembourg,Potatoes,2010,317577,154.25,934.0,5506.4,360.136
Luxembourg,Potatoes,2011,309906,154.25,934.0,5778.4,360.7464
Luxembourg,Potatoes,2012,343333,203.17,934.0,5470.0,361.0516
Luxembourg,Potatoes,2013,292333,157.0,934.0,5346.4,359.8308
Luxembourg,Potatoes,2014,312442,143.68,934.0,5085.6,360.136
Luxembourg,Potatoes,2015,227561,137.6,934.0,5202.8,360.7464
Luxembourg,Potatoes,2016,304471,159.93,934.0,5492.4,343.0448
Luxembourg,Potatoes,2017,342368,139.5,934.0,5429.94,356.263
Luxembourg,Potatoes,2018,257302,139.61,934.0,4825.992,256.3802
Luxembourg,Potatoes,2019,255500,133.04,934.0,5071.924,238.1079
Madagascar,Potatoes,2009,59915,143.9,1513.0,4410.95,713.6099
Madagascar,Potatoes,2010,58929,241.89,1513.0,4577.51,889.4836
Madagascar,Potatoes,2011,58971,310.36,1513.0,8660.94,734.9085
Madagascar,Potatoes,2012,59308,377.71,1513.0,16838.84,985.5475
Madagascar,Potatoes,2013,59431,507.94,1513.0,8380.72,1008.6228
Madagascar,Potatoes,2014,59508,453.91,1513.0,13158.23,1720.9312
Madagascar,Potatoes,2015,59685,401.39,1513.0,11322.3,1169.8817
Madagascar,Potatoes,2016,59687,493.54,1513.0,9168.55,1899.1746
Madagascar,Potatoes,2017,59739,642.78,1513.0,21005.35,1708.4551
Madagascar,Potatoes,2018,59838,705.85,1513.0,19346.32,2450.7669
Madagascar,Potatoes,2019,60048,746.05,1513.0,18642.26,3135.7447
Malawi,Potatoes,2009,161923,736.25,1181.0,72041.0,8987.704
Malawi,Potatoes,2010,160600,584.12,1181.0,96533.0,7708.48
Malawi,Potatoes,2011,159930,553.57,1181.0,84938.0,6090.484
Malawi,Potatoes,2012,172009,775.83,1181.0,58424.47,8936.9013
Malawi,Potatoes,2013,175414,1500.27,1181.0,58784.79,11136.5562
Malawi,Potatoes,2014,174729,2358.01,1181.0,118305.04,5091.3333
Malawi,Potatoes,2015,172870,2358.01,1181.0,109426.62,11661.0772
Malawi,Potatoes,2016,165504,2358.01,1181.0,63280.19,6281.3735
Malawi,Potatoes,2017,184164,2358.01,1181.0,86463.2,10495.9632
Malawi,Potatoes,2018,165247,2358.01,1181.0,96439.95,8350.5292
Malawi,Potatoes,2019,158310,2358.01,1181.0,77290.04,9325.0677
Mali,Potatoes,2009,237913,8.44,282.0,66367.3,7812.0562
Mali,Potatoes,2010,221344,8.09,282.0,67657.71,12579.8295
Mali,Potatoes,2011,204721,6.83,282.0,55848.33,2660.7859
Mali,Potatoes,2012,198838,3.75,282.0,59184.15,0.0
Mali,Potatoes,2013,193146,3.75,282.0,75021.595,6623.4962
Mali,Potatoes,2014,184290,3.75,282.0,80651.115,10590.0781
Mali,Potatoes,2015,189750,3.75,282.0,86830.635,16431.4601
Mali,Potatoes,2016,199724,3.75,282.0,118260.155,26829.0398
Mali,Potatoes,2017,214092,3.75,282.0,147895.3,25454.2185
Mali,Potatoes,2018,227118,3.75,282.0,124895.3,32081.4185
Mali,Potatoes,2019,225319,3.75,282.0,159263.58,26850.1858
Malta,Potatoes,2009,143843,113.68,560.0,439.96,2.616
Malta,Potatoes,2010,221698,110.19,560.0,551.92,30.956
Malta,Potatoes,2011,269886,106.7,560.0,470.79,57.116
Malta,Potatoes,2012,181041,137.87,560.0,548.3,27.6598
Malta,Potatoes,2013,180629,134.93,560.0,571.43,30.8732
Malta,Potatoes,2014,179414,110.13,560.0,594.58,28.2484
Malta,Potatoes,2015,114526,128.72,560.0,617.75,37.9146
Malta,Potatoes,2016,97500,94.65,560.0,568.15,55.7164
Malta,Potatoes,2017,124857,107.59,560.0,585.49,54.779
Malta,Potatoes,2018,135652,90.05,560.0,585.7,40.051
Malta,Potatoes,2019,130290,75.6,560.0,585.92,47.306
Mauritania,Potatoes,2009,53941,46.57,92.0,1162.9,225.5384
Mauritania,Potatoes,2010,51163,61.65,92.0,2364.93,379.8824
Mauritania,Potatoes,2011,55493,76.33,92.0,1335.75,191.7397
Mauritania,Potatoes,2012,57143,161.9,92.0,1808.4,345.8483
Mauritania,Potatoes,2013,62857,236.3,92.0,2170.08,288.5056
Mauritania,Potatoes,2014,58421,290.73,92.0,2165.97,288.5056
Mauritania,Potatoes,2015,58763,288.31,92.0,1878.27,390.6473
Mauritania,Potatoes,2016,59668,293.91,92.0,2646.84,478.4533
Mauritania,Potatoes,2017,60316,333.76,92.0,3324.99,616.4342
Mauritania,Potatoes,2018,60935,381.08,92.0,3398.97,560.8835
Mauritania,Potatoes,2019,57055,393.89,92.0,3489.39,657.6493
Mauritius,Potatoes,2009,231096,894.07,2041.0,10727.0,1624.318
Mauritius,Potatoes,2010,203649,916.52,2041.0,9812.5,1573.088
Mauritius,Potatoes,2011,213264,887.38,2041.0,11322.5,1592.926
Mauritius,Potatoes,2012,233356,810.11,2041.0,10722.755,1637.0579
Mauritius,Potatoes,2013,236026,857.41,2041.0,8797.38,1479.5965
Mauritius,Potatoes,2014,236346,843.62,2041.0,10828.805,1749.2669
Mauritius,Potatoes,2015,232348,907.29,2041.0,8784.675,1248.2985
Mauritius,Potatoes,2016,213412,917.04,2041.0,10027.565,1701.0387
Mauritius,Potatoes,2017,198930,530.02,2041.0,9689.155,1798.064
Mauritius,Potatoes,2018,236898,771.49,2041.0,10604.3,988.691
Mauritius,Potatoes,2019,207591,754.73,2041.0,9392.355,969.7774
Mexico,Potatoes,2009,277374,50327.9,758.0,968386.05,108616.32
Mexico,Potatoes,2010,277578,52305.13,758.0,1008158.85,119093.4
Mexico,Potatoes,2011,262734,53219.63,758.0,1138685.5395,110264.4
Mexico,Potatoes,2012,268098,49213.67,758.0,1140067.6065,117720.0
Mexico,Potatoes,2013,267752,47551.15,758.0,1363424.616,123723.72
Mexico,Potatoes,2014,273384,43028.74,758.0,1336392.6795,141460.3177
Mexico,Potatoes,2015,271435,48292.99,758.0,1133370.0,160394.638
Mexico,Potatoes,2016,279260,47421.33,758.0,1432232.496,196389.9216
Mexico,Potatoes,2017,289505,50801.94,758.0,1378570.0185,170843.8321
Mexico,Potatoes,2018,298920,53144.44,758.0,1325941.7355,196141.14
Mexico,Potatoes,2019,305241,48989.2,758.0,1250414.946,186101.0759
Mongolia,Potatoes,2009,111801,115.7,241.0,7520.0,6.54
Mongolia,Potatoes,2010,121584,115.7,241.0,11026.0,13.516
Mongolia,Potatoes,2011,131139,115.7,241.0,13933.0,8.284
Mongolia,Potatoes,2012,146207,115.7,241.0,16935.62,0.0044
Mongolia,Potatoes,2013,123601,115.7,241.0,18032.5,3.6711
Mongolia,Potatoes,2014,122294,115.7,241.0,9813.715,50.2163
Mongolia,Potatoes,2015,127550,115.7,241.0,15242.865,670.9059
Mongolia,Potatoes,2016,110041,115.7,241.0,18731.805,715.1403
Mongolia,Potatoes,2017,93323,115.7,241.0,32936.4,290.7575
Mongolia,Potatoes,2018,132194,115.7,241.0,31559.41,381.524
Mongolia,Potatoes,2019,112853,115.7,241.0,36938.26,173.5324
Morocco,Potatoes,2009,195328,13697.0,346.0,178178.4,43482.825
Morocco,Potatoes,2010,283502,13697.0,346.0,191381.85,76811.9076
Morocco,Potatoes,2011,297584,13697.0,346.0,189645.3,82487.7774
Morocco,Potatoes,2012,279800,13697.0,346.0,180173.25,91087.4196
Morocco,Potatoes,2013,363561,13697.0,346.0,208339.65,97505.514
Morocco,Potatoes,2014,307171,13697.0,346.0,203857.2,88672.7862
Morocco,Potatoes,2015,298292,13697.0,346.0,197749.215,88515.473
Morocco,Potatoes,2016,293368,13697.0,346.0,136133.1855,57710.268
Morocco,Potatoes,2017,299390,13697.0,346.0,226080.0,62116.92
Morocco,Potatoes,2018,301315,13697.0,346.0,190350.0,51836.04
Morocco,Potatoes,2019,313262,13697.0,346.0,167040.0,47323.44
Mozambique,Potatoes,2009,69417,914.98,1032.0,15133.0,2039.608
Mozambique,Potatoes,2010,70036,1189.02,1032.0,43385.0,1127.932
Mozambique,Potatoes,2011,70654,768.85,1032.0,32590.0,3254.74
Mozambique,Potatoes,2012,71273,729.84,1032.0,23787.89,1583.3035
Mozambique,Potatoes,2013,71891,690.83,1032.0,26629.37,1139.5209
Mozambique,Potatoes,2014,72509,651.82,1032.0,33555.73,2506.3852
Mozambique,Potatoes,2015,73128,612.8,1032.0,13711.1,2225.5707
Mozambique,Potatoes,2016,73746,573.79,1032.0,19192.49,1059.4713
Mozambique,Potatoes,2017,77435,534.78,1032.0,22609.49,1825.8546
Mozambique,Potatoes,2018,84886,534.78,1032.0,26508.47,1816.0577
Mozambique,Potatoes,2019,86162,534.78,1032.0,46221.11,4139.4668
Myanmar,Potatoes,2009,145739,1091.08,2091.0,57850.5,2149.262
Myanmar,Potatoes,2010,145071,3340.09,2091.0,58250.0,5553.768
Myanmar,Potatoes,2011,149257,4642.42,2091.0,94482.5,11048.894
Myanmar,Potatoes,2012,149648,3044.78,2091.0,111550.76,8958.7427
Myanmar,Potatoes,2013,148291,2898.2,2091.0,160904.625,9153.3775
Myanmar,Potatoes,2014,148895,5417.8,2091.0,197765.375,7925.6189
Myanmar,Potatoes,2015,152148,7690.63,2091.0,137087.17,7339.1073
Myanmar,Potatoes,2016,151724,12092.0,2091.0,209981.32,20530.9239
Myanmar,Potatoes,2017,152866,17274.0,2091.0,362833.38,55695.0934
Myanmar,Potatoes,2018,152997,15326.0,2091.0,366602.015,80792.7598
Myanmar,Potatoes,2019,154943,17337.49,2091.0,384621.985,97396.7167
Namibia,Potatoes,2009,130495,598.35,285.0,1268.0,0.872
Namibia,Potatoes,2010,121392,656.75,285.0,2849.0,170.04
Namibia,Potatoes,2011,120039,576.76,285.0,4866.0,114.668
Namibia,Potatoes,2012,121309,617.66,285.0,10503.4,421.1891
Namibia,Potatoes,2013,121314,777.85,285.0,7729.93,288.9416
Namibia,Potatoes,2014,120502,823.84,285.0,3874.2,263.8977
Namibia,Potatoes,2015,120627,931.12,285.0,9742.22,260.2964
Namibia,Potatoes,2016,120787,804.17,285.0,19648.46,394.6759
Namibia,Potatoes,2017,120639,861.24,285.0,18840.14,314.8138
Namibia,Potatoes,2018,120681,836.42,285.0,30493.6,447.9377
Namibia,Potatoes,2019,120701,878.1,285.0,18856.04,570.7371
Nepal,Potatoes,2009,133263,209.52,1500.0,18415.5,4381.146
Nepal,Potatoes,2010,135841,332.01,1500.0,29074.0,5478.34
Nepal,Potatoes,2011,137352,342.92,1500.0,37384.5,9033.702
Nepal,Potatoes,2012,135837,410.32,1500.0,53875.0,8599.228
Nepal,Potatoes,2013,136408,454.53,1500.0,90393.5,20334.822
Nepal,Potatoes,2014,136955,549.17,1500.0,91258.83,17971.9287
Nepal,Potatoes,2015,131259,573.97,1500.0,106849.22,17533.0032
Nepal,Potatoes,2016,140299,632.75,1500.0,104961.73,19996.4032
Nepal,Potatoes,2017,138631,691.53,1500.0,104016.84,22380.909
Nepal,Potatoes,2018,158142,750.31,1500.0,130975.63,27769.8733
Nepal,Potatoes,2019,160464,809.09,1500.0,130992.99,26947.15
New Zealand,Potatoes,2009,478154,5285.2,1732.0,25048.0,6050.59
New Zealand,Potatoes,2010,495751,5285.2,1732.0,28364.0,6550.9
New Zealand,Potatoes,2011,491106,5285.2,1732.0,29380.0,6847.38
New Zealand,Potatoes,2012,485714,5285.2,1732.0,29300.0,6457.16
New Zealand,Potatoes,2013,484404,5285.2,1732.0,30996.0,6845.2
New Zealand,Potatoes,2014,487171,5285.2,1732.0,33320.0,7168.93
New Zealand,Potatoes,2015,492570,5285.2,1732.0,34240.0,6641.37
New Zealand,Potatoes,2016,496904,5285.2,1732.0,35000.0,6348.16
New Zealand,Potatoes,2017,499665,5285.2,1732.0,36040.0,7006.52
New Zealand,Potatoes,2018,501932,5285.2,1732.0,36360.0,7214.71
New Zealand,Potatoes,2019,506206,5285.2,1732.0,36892.0,7018.51
Nicaragua,Potatoes,2009,134615,9387.95,2280.0,41992.5,1586.168
Nicaragua,Potatoes,2010,134615,12242.19,2280.0,44831.5,960.726
Nicaragua,Potatoes,2011,168339,4932.05,2280.0,48739.5,3597.0
Nicaragua,Potatoes,2012,169329,4413.82,2280.0,61639.5,3333.656
Nicaragua,Potatoes,2013,170847,6705.5,2280.0,37994.5,4313.13
Nicaragua,Potatoes,2014,168742,6826.97,2280.0,42933.5,5748.442
Nicaragua,Potatoes,2015,186415,7845.9,2280.0,60440.17,8005.8494
Nicaragua,Potatoes,2016,169350,7682.29,2280.0,60026.48,6980.2772
Nicaragua,Potatoes,2017,175376,7902.15,2280.0,81170.95,10751.7317
Nicaragua,Potatoes,2018,192464,6993.7,2280.0,42254.75,4334.4264
Nicaragua,Potatoes,2019,196065,7808.1,2280.0,50135.555,6071.191
Niger,Potatoes,2009,172504,7.32,151.0,3304.0,428.152
Niger,Potatoes,2010,172580,11.49,151.0,4829.0,858.484
Niger,Potatoes,2011,161890,10.59,151.0,3813.0,822.296
Niger,Potatoes,2012,242957,21.37,151.0,12812.14,11.7764
Niger,Potatoes,2013,256815,27.94,151.0,7123.17,1010.7788
Niger,Potatoes,2014,276043,34.51,151.0,12602.88,763.7543
Niger,Potatoes,2015,285957,41.09,151.0,6721.04,30.9734
Niger,Potatoes,2016,288323,47.66,151.0,6440.36,67.6149
Niger,Potatoes,2017,293374,32.76,151.0,6440.36,67.6149
Niger,Potatoes,2018,297204,17.86,151.0,11025.97,296.2184
Niger,Potatoes,2019,300780,22.13,151.0,12474.43,296.2184
Nigeria,Potatoes,2009,40000,18095.71,1150.0,219544.5,20692.124
Nigeria,Potatoes,2010,38584,26872.77,1150.0,386725.5,28262.174
Nigeria,Potatoes,2011,34906,31079.27,1150.0,236414.0,22167.548
Nigeria,Potatoes,2012,36015,33968.12,1150.0,216799.365,25107.3565
Nigeria,Potatoes,2013,36252,40668.25,1150.0,340764.305,18263.1397
Nigeria,Potatoes,2014,37039,36120.96,1150.0,251075.495,23085.4196
Nigeria,Potatoes,2015,38934,31255.23,1150.0,190551.865,23634.1081
Nigeria,Potatoes,2016,36822,26751.43,1150.0,276673.23,34699.2998
Nigeria,Potatoes,2017,38768,36466.57,1150.0,453000.0,63089.2
Nigeria,Potatoes,2018,37318,47121.31,1150.0,436400.0,59339.6
Nigeria,Potatoes,2019,37632,53953.79,1150.0,405750.0,35490.4
North Macedonia,Potatoes,2009,149105,98.0,619.0,15706.0,1827.276
North Macedonia,Potatoes,2010,155110,98.0,619.0,18272.0,2290.962
North Macedonia,Potatoes,2011,141647,98.0,619.0,17571.5,2501.332
North Macedonia,Potatoes,2012,128731,98.0,619.0,16969.4,2977.8887
North Macedonia,Potatoes,2013,139459,98.0,619.0,16757.055,2216.7875
North Macedonia,Potatoes,2014,149372,98.0,619.0,17614.31,2194.4316
North Macedonia,Potatoes,2015,140169,98.0,619.0,16130.92,1857.3774
North Macedonia,Potatoes,2016,146473,98.0,619.0,17811.985,2341.0628
North Macedonia,Potatoes,2017,133188,98.0,619.0,17498.33,1730.3728
North Macedonia,Potatoes,2018,143354,98.0,619.0,14557.0,1728.1296
North Macedonia,Potatoes,2019,143588,98.0,619.0,15659.555,1899.3621
Norway,Potatoes,2009,241836,534.56,1414.0,87371.0,3898.93
Norway,Potatoes,2010,251662,698.98,1414.0,91683.0,4148.976
Norway,Potatoes,2011,229141,823.96,1414.0,95500.0,4371.227
Norway,Potatoes,2012,240527,813.93,1414.0,95731.5,4372.753
Norway,Potatoes,2013,251702,761.97,1414.0,98811.0,4324.902
Norway,Potatoes,2014,289753,861.21,1414.0,101053.0,4372.426
Norway,Potatoes,2015,257857,631.03,1414.0,102549.0,4596.421
Norway,Potatoes,2016,292724,676.0,1414.0,102181.0,4489.819
Norway,Potatoes,2017,269014,671.0,1414.0,101087.5,4433.684
Norway,Potatoes,2018,281040,614.0,1414.0,104296.5,4445.02
Norway,Potatoes,2019,284272,604.0,1414.0,106313.5,4523.718
Oman,Potatoes,2009,284100,234.86,125.0,8418.27,725.5214
Oman,Potatoes,2010,210880,255.91,125.0,9630.4,847.9851
Oman,Potatoes,2011,259100,292.32,125.0,9471.02,626.3358
Oman,Potatoes,2012,300000,339.06,125.0,10003.25,664.1501
Oman,Potatoes,2013,153545,439.4,125.0,11223.14,691.326
Oman,Potatoes,2014,269600,409.79,125.0,8603.8,987.1868
Oman,Potatoes,2015,264503,333.48,125.0,9331.2,1023.2266
Oman,Potatoes,2016,262320,346.76,125.0,8915.45,1536.1937
Oman,Potatoes,2017,269009,275.49,125.0,8796.35,1502.892
Oman,Potatoes,2018,271059,204.22,125.0,10283.64,1390.2906
Oman,Potatoes,2019,252103,304.82,125.0,10283.64,1362.3474
Pakistan,Potatoes,2009,202848,15859.64,494.0,3464100.0,357326.852
Pakistan,Potatoes,2010,226823,14862.71,494.0,3206615.5,332166.6
Pakistan,Potatoes,2011,219196,13865.78,494.0,3197969.5,280431.058
Pakistan,Potatoes,2012,183405,12868.85,494.0,2851885.5,310811.32
Pakistan,Potatoes,2013,218059,11871.92,494.0,3208328.5,382906.536
Pakistan,Potatoes,2014,181506,11871.92,494.0,3226231.5,416630.264
Pakistan,Potatoes,2015,234439,11871.92,494.0,2916403.5,436139.084
Pakistan,Potatoes,2016,224346,11871.92,494.0,3485853.5,540213.81
Pakistan,Potatoes,2017,214503,11871.92,494.0,3440861.0,552929.314
Pakistan,Potatoes,2018,236699,11871.92,494.0,3427311.0,525635.714
Pakistan,Potatoes,2019,248874,11871.92,494.0,3458078.0,473257.726
Panama,Potatoes,2009,233370,2046.06,2928.0,17296.0,1635.872
Panama,Potatoes,2010,227645,1949.19,2928.0,21601.0,2593.328
Panama,Potatoes,2011,212716,1852.32,2928.0,13158.0,1921.452
Panama,Potatoes,2012,236248,1371.35,2928.0,22714.27,4864.4084
Panama,Potatoes,2013,242259,2477.29,2928.0,23940.725,6041.5081
Panama,Potatoes,2014,245902,2458.72,2928.0,18826.96,5096.6046
Panama,Potatoes,2015,246455,2440.14,2928.0,19142.465,5431.2476
Panama,Potatoes,2016,249472,2421.57,2928.0,14322.725,3826.4603
Panama,Potatoes,2017,253345,2403.0,2928.0,19101.03,5553.6001
Panama,Potatoes,2018,256381,1639.46,2928.0,22950.405,4165.605
Panama,Potatoes,2019,259236,875.91,2928.0,26158.76,4988.6008
Papua New Guinea,Potatoes,2009,47543,421.34,3142.0,19011.0,445.592
Papua New Guinea,Potatoes,2010,48627,437.87,3142.0,15968.0,1228.648
Papua New Guinea,Potatoes,2011,50309,590.74,3142.0,11561.0,1023.728
Papua New Guinea,Potatoes,2012,52632,738.1,3142.0,16131.69,616.1988
Papua New Guinea,Potatoes,2013,61538,879.96,3142.0,16529.59,147.8912
Papua New Guinea,Potatoes,2014,61928,879.96,3142.0,17021.7,209.062
Papua New Guinea,Potatoes,2015,54622,879.96,3142.0,20674.03,880.2927
Papua New Guinea,Potatoes,2016,60816,879.96,3142.0,21004.24,834.1726
Papua New Guinea,Potatoes,2017,61152,879.96,3142.0,26359.01,941.3981
Papua New Guinea,Potatoes,2018,58567,879.96,3142.0,28568.51,1217.3556
Papua New Guinea,Potatoes,2019,57547,879.96,3142.0,28748.04,830.8067
Paraguay,Potatoes,2009,50500,19942.96,1130.0,46204.0,53448.368
Paraguay,Potatoes,2010,131165,21112.95,1130.0,62808.0,63918.69
Paraguay,Potatoes,2011,152174,22282.95,1130.0,82042.5,84131.432
Paraguay,Potatoes,2012,120000,23452.94,1130.0,79637.91,67911.1158
Paraguay,Potatoes,2013,147679,24667.05,1130.0,113511.555,71073.6571
Paraguay,Potatoes,2014,150000,18070.43,1130.0,131060.645,72091.7149
Paraguay,Potatoes,2015,144504,18908.25,1130.0,108981.985,66908.6777
Paraguay,Potatoes,2016,145000,18567.0,1130.0,100568.545,70396.7279
Paraguay,Potatoes,2017,144615,19662.0,1130.0,110951.85,71574.5622
Paraguay,Potatoes,2018,144774,21121.64,1130.0,112702.195,75809.064
Paraguay,Potatoes,2019,143222,22581.28,1130.0,102135.7,71913.3757
Peru,Potatoes,2009,133353,4719.14,1738.0,238892.5,33712.174
Peru,Potatoes,2010,131588,6225.67,1738.0,223162.5,31175.308
Peru,Potatoes,2011,137379,6030.69,1738.0,246021.0,36746.734
Peru,Potatoes,2012,143316,7288.63,1738.0,256123.23,30623.0704
Peru,Potatoes,2013,144125,7091.56,1738.0,291153.315,33425.6043
Peru,Potatoes,2014,147779,8274.55,1738.0,277757.1,40558.7518
Peru,Potatoes,2015,149122,8893.46,1738.0,319014.44,35531.3273
Peru,Potatoes,2016,162730,9482.89,1738.0,293560.205,39588.3727
Peru,Potatoes,2017,153875,10036.95,1738.0,338284.195,49747.1378
Peru,Potatoes,2018,159012,8617.57,1738.0,258072.955,41547.8047
Peru,Potatoes,2019,162730,10635.76,1738.0,375010.825,44837.1369
Philippines,Potatoes,2009,150758,19975.79,2348.0,444070.0,37201.482
Philippines,Potatoes,2010,153366,21311.11,2348.0,513113.0,41495.428
Philippines,Potatoes,2011,147563,21179.54,2348.0,483724.0,46033.316
Philippines,Potatoes,2012,147690,21608.02,2348.0,470000.0,35054.4
Philippines,Potatoes,2013,149204,22374.11,2348.0,537029.545,69982.2096
Philippines,Potatoes,2014,151423,22111.62,2348.0,648869.71,63704.3873
Philippines,Potatoes,2015,151066,23250.65,2348.0,552003.06,59759.8778
Philippines,Potatoes,2016,150812,21632.13,2348.0,659768.07,64002.2625
Philippines,Potatoes,2017,150956,21491.31,2348.0,731344.09,82799.6329
Philippines,Potatoes,2018,155093,21350.49,2348.0,652838.0,68122.82
Philippines,Potatoes,2019,154452,24878.97,2348.0,666784.66,83723.748
Poland,Potatoes,2009,191018,18493.03,600.0,854680.0,140027.94
Poland,Potatoes,2010,210838,19449.02,600.0,872440.0,160177.68
Poland,Potatoes,2011,230338,21779.27,600.0,875880.0,145541.16
Poland,Potatoes,2012,243751,21885.99,600.0,953240.0,149327.82
Poland,Potatoes,2013,210624,22204.46,600.0,878560.0,133828.02
Poland,Potatoes,2014,277661,23556.67,600.0,803040.0,119211.12
Poland,Potatoes,2015,210207,24006.12,600.0,834400.0,127902.78
Poland,Potatoes,2016,286304,24463.0,600.0,920840.0,134848.26
Poland,Potatoes,2017,278503,25076.0,600.0,943040.0,132905.88
Poland,Potatoes,2018,251296,23178.0,600.0,795240.0,134789.4
Poland,Potatoes,2019,214283,24281.0,600.0,827000.0,140832.36
Portugal,Potatoes,2009,164431,13984.91,854.0,82646.5,11777.886
Portugal,Potatoes,2010,150341,13774.18,854.0,86524.5,15572.176
Portugal,Potatoes,2011,147088,14562.41,854.0,83544.0,12766.734
Portugal,Potatoes,2012,177890,12869.13,854.0,91432.0,14640.226
Portugal,Potatoes,2013,182243,10526.19,854.0,94821.5,16807.146
Portugal,Potatoes,2014,198380,13256.87,854.0,100995.655,15972.727
Portugal,Potatoes,2015,197705,10209.42,854.0,96453.045,16823.0644
Portugal,Potatoes,2016,193613,9772.27,854.0,90220.24,16045.1619
Portugal,Potatoes,2017,216992,8103.16,854.0,85842.02,15712.0252
Portugal,Potatoes,2018,207543,8057.31,854.0,86082.25,15018.1355
Portugal,Potatoes,2019,235848,9865.81,854.0,91696.815,15068.923
Qatar,Potatoes,2009,110000,2562.93,74.0,1000.0,0.0
Qatar,Potatoes,2010,92000,3175.69,74.0,1000.0,0.0
Qatar,Potatoes,2011,180000,2501.22,74.0,1000.0,0.0
Qatar,Potatoes,2012,120000,1280.18,74.0,1000.0,0.0
Qatar,Potatoes,2013,100000,832.18,74.0,1600.0,370.6
Qatar,Potatoes,2014,98621,860.11,74.0,1450.0,239.8
Qatar,Potatoes,2015,100290,899.23,74.0,1300.0,152.6
Qatar,Potatoes,2016,100580,783.58,74.0,1300.0,218.0
Qatar,Potatoes,2017,104000,872.72,74.0,1450.0,261.6
Qatar,Potatoes,2018,85000,797.59,74.0,1422.46,332.7726
Qatar,Potatoes,2019,99425,842.69,74.0,1842.145,467.3484
Romania,Potatoes,2009,153812,6548.7,637.0,320527.5,37615.028
Romania,Potatoes,2010,132960,7249.2,637.0,339878.5,46288.158
Romania,Potatoes,2011,164154,6582.9,637.0,414666.5,53464.282
Romania,Potatoes,2012,107623,6418.7,637.0,395481.5,50801.63
Romania,Potatoes,2013,158462,6947.9,637.0,423234.0,55507.814
Romania,Potatoes,2014,173659,6723.8,637.0,408781.0,62930.932
Romania,Potatoes,2015,137698,6608.04,637.0,479376.0,70993.226
Romania,Potatoes,2016,144428,6463.0,637.0,491555.5,84494.402
Romania,Potatoes,2017,181872,6715.0,637.0,527771.0,98027.842
Romania,Potatoes,2018,174424,5243.0,637.0,566719.5,108653.598
Romania,Potatoes,2019,150861,5452.0,637.0,539732.0,114848.722
Rwanda,Potatoes,2009,102216,1187.6,1212.0,535.0,198.38
Rwanda,Potatoes,2010,118679,953.85,1212.0,94.0,105.948
Rwanda,Potatoes,2011,167040,181.6,1212.0,77.0,13.516
Rwanda,Potatoes,2012,194809,925.52,1212.0,2306.96,1246.2711
Rwanda,Potatoes,2013,235865,1841.5,1212.0,6721.68,1866.6381
Rwanda,Potatoes,2014,105414,2060.91,1212.0,6936.82,2019.9662
Rwanda,Potatoes,2015,94948,2484.21,1212.0,9365.83,3188.9214
Rwanda,Potatoes,2016,70718,2027.03,1212.0,3460.41,2533.5393
Rwanda,Potatoes,2017,90028,2027.03,1212.0,8562.74,5441.9035
Rwanda,Potatoes,2018,76838,2027.03,1212.0,7561.21,3430.0207
Rwanda,Potatoes,2019,90474,2027.03,1212.0,10628.36,6621.9026
Saint Kitts and Nevis,Potatoes,2009,235849,99.26,1427.0,23.0,5.4936
Saint Kitts and Nevis,Potatoes,2010,236013,90.2,1427.0,23.0,5.4936
Saint Kitts and Nevis,Potatoes,2011,249231,87.42,1427.0,24.0,5.4936
Saint Kitts and Nevis,Potatoes,2012,235714,96.02,1427.0,24.0,5.4936
Saint Kitts and Nevis,Potatoes,2013,235294,98.89,1427.0,0.01,0.0039
Saint Kitts and Nevis,Potatoes,2014,235714,109.77,1427.0,42.94,14.919
Saudi Arabia,Potatoes,2009,251423,4538.73,59.0,150000.0,30520.0
Saudi Arabia,Potatoes,2010,260575,4699.74,59.0,149000.0,36188.0
Saudi Arabia,Potatoes,2011,248330,4860.74,59.0,185500.0,38368.0
Saudi Arabia,Potatoes,2012,253233,5021.75,59.0,206000.0,40548.0
Saudi Arabia,Potatoes,2013,256547,5412.5,59.0,171300.0,38586.0
Saudi Arabia,Potatoes,2014,134411,6259.67,59.0,164350.0,38978.4
Saudi Arabia,Potatoes,2015,260575,7106.85,59.0,197700.0,44254.0
Saudi Arabia,Potatoes,2016,256547,7954.02,59.0,203750.0,41594.4
Saudi Arabia,Potatoes,2017,254022,8801.19,59.0,182200.0,40722.4
Saudi Arabia,Potatoes,2018,251893,9648.36,59.0,182100.0,40984.0
Saudi Arabia,Potatoes,2019,244024,10495.54,59.0,170350.0,36057.2
Senegal,Potatoes,2009,200000,649.88,686.0,14594.5,1932.788
Senegal,Potatoes,2010,200000,695.86,686.0,31085.0,2555.396
Senegal,Potatoes,2011,215517,741.85,686.0,30923.5,2298.81
Senegal,Potatoes,2012,267857,787.83,686.0,30685.0,4046.08
Senegal,Potatoes,2013,223395,722.53,686.0,29670.0,5184.04
Senegal,Potatoes,2014,216906,609.79,686.0,26725.0,5040.16
Senegal,Potatoes,2015,219195,708.52,686.0,30133.9525,6130.16
Senegal,Potatoes,2016,220201,830.74,686.0,34992.905,7201.3619
Senegal,Potatoes,2017,223289,163.31,686.0,42211.03,14565.1054
Senegal,Potatoes,2018,223759,478.78,686.0,35716.24,4983.0157
Senegal,Potatoes,2019,227724,478.78,686.0,34042.92,5764.3429
Slovakia,Potatoes,2009,185992,1654.12,824.0,84936.5,5265.354
Slovakia,Potatoes,2010,114547,1880.75,824.0,94484.5,6351.648
Slovakia,Potatoes,2011,209420,1410.5,824.0,107002.0,7666.406
Slovakia,Potatoes,2012,185432,1563.78,824.0,112790.5,8397.142
Slovakia,Potatoes,2013,183199,1620.28,824.0,115790.5,7089.142
Slovakia,Potatoes,2014,196394,1721.83,824.0,120018.0,8113.088
Slovakia,Potatoes,2015,179302,1567.86,824.0,124036.5,8630.184
Slovakia,Potatoes,2016,214565,1520.0,824.0,133568.0,11291.746
Slovakia,Potatoes,2017,200946,1724.0,824.0,124220.575,10443.8612
Slovakia,Potatoes,2018,219008,1785.0,824.0,142188.44,11526.0437
Slovakia,Potatoes,2019,222735,1859.0,824.0,133466.485,10091.4315
Slovenia,Potatoes,2009,247725,1162.87,1162.0,16370.4,2800.8204
Slovenia,Potatoes,2010,245353,1134.37,1162.0,14078.4,2716.4326
Slovenia,Potatoes,2011,264228,1121.91,1162.0,14279.7,2611.1386
Slovenia,Potatoes,2012,234061,1016.08,1162.0,15210.0,2882.7666
Slovenia,Potatoes,2013,187950,917.49,1162.0,15828.9,3158.82
Slovenia,Potatoes,2014,268944,1009.92,1162.0,17073.6,2966.6966
Slovenia,Potatoes,2015,274370,1046.84,1162.0,16655.7,2675.841
Slovenia,Potatoes,2016,268407,1157.0,1162.0,15989.1,2496.6886
Slovenia,Potatoes,2017,243526,1087.0,1162.0,15595.173,2553.4131
Slovenia,Potatoes,2018,259502,1172.0,1162.0,14847.9,2736.4232
Slovenia,Potatoes,2019,235571,972.0,1162.0,15044.1,2472.7304
South Africa,Potatoes,2009,339378,32608.51,495.0,372600.0,71024.4
South Africa,Potatoes,2010,342046,33598.96,495.0,355500.0,67492.8
South Africa,Potatoes,2011,349536,33334.33,495.0,377100.0,72986.4
South Africa,Potatoes,2012,350438,34394.86,495.0,382500.0,74556.0
South Africa,Potatoes,2013,352695,36324.38,495.0,379935.0,83953.98
South Africa,Potatoes,2014,353096,38387.19,495.0,425520.0,97315.2
South Africa,Potatoes,2015,358127,37740.47,495.0,348930.0,105123.96
South Africa,Potatoes,2016,359976,35862.46,495.0,381645.0,94470.3
South Africa,Potatoes,2017,360757,39492.46,495.0,530910.0,91566.54
South Africa,Potatoes,2018,363840,39023.76,495.0,463108.9815,114739.6141
South Africa,Potatoes,2019,370362,39144.12,495.0,444108.0285,113520.6313
Spain,Potatoes,2009,318545,35199.0,636.0,797034.5,128142.798
Spain,Potatoes,2010,293910,39043.0,636.0,954250.0,153624.6
Spain,Potatoes,2011,307406,53549.0,636.0,832500.0,156458.6
Spain,Potatoes,2012,304387,63490.52,636.0,903055.0,164173.62
Spain,Potatoes,2013,309367,71454.16,636.0,999253.5,187546.272
Spain,Potatoes,2014,334922,78818.31,636.0,1057947.5,174744.44
Spain,Potatoes,2015,318666,77216.75,636.0,1027551.5,174348.334
Spain,Potatoes,2016,311385,76940.64,636.0,1000577.5,184640.332
Spain,Potatoes,2017,315961,71987.32,636.0,1084710.5,188254.336
Spain,Potatoes,2018,297960,75014.23,636.0,1043847.0,190784.88
Spain,Potatoes,2019,338983,75190.44,636.0,1017125.5,212647.2149
Sri Lanka,Potatoes,2009,149034,1170.36,1712.0,175866.0,21259.142
Sri Lanka,Potatoes,2010,135234,1450.54,1712.0,170398.0,23038.022
Sri Lanka,Potatoes,2011,132500,1290.31,1712.0,194090.0,26688.214
Sri Lanka,Potatoes,2012,155269,1112.8,1712.0,167435.815,26079.1329
Sri Lanka,Potatoes,2013,153210,1235.31,1712.0,153625.955,21075.6776
Sri Lanka,Potatoes,2014,153536,933.34,1712.0,212624.44,29619.2872
Sri Lanka,Potatoes,2015,158257,2539.92,1712.0,195279.825,23627.2477
Sri Lanka,Potatoes,2016,158009,1925.0,1712.0,133188.495,13537.2768
Sri Lanka,Potatoes,2017,164591,1266.0,1712.0,114314.96,10433.4299
Sri Lanka,Potatoes,2018,171815,2261.0,1712.0,102864.825,20791.3009
Sri Lanka,Potatoes,2019,187123,1526.43,1712.0,123694.94,19814.2511
Sudan,Potatoes,2012,166663,2469.47,250.0,50859.69,8408.5172
Sudan,Potatoes,2013,166669,2665.68,250.0,76322.36,1801.3057
Sudan,Potatoes,2014,170252,2861.9,250.0,85716.695,15963.3269
Sudan,Potatoes,2015,153225,3058.11,250.0,78912.775,8503.2339
Sudan,Potatoes,2016,132371,3254.33,250.0,187122.035,5998.8455
Sudan,Potatoes,2017,132371,2379.65,250.0,104357.27,10685.7714
Sudan,Potatoes,2018,132371,5486.85,250.0,116988.485,18695.1655
Sudan,Potatoes,2019,132371,4082.53,250.0,124888.485,6007.5655
Sweden,Potatoes,2009,318212,1935.0,624.0,159250.0,6125.8
Sweden,Potatoes,2010,301218,1982.0,624.0,172097.0,10112.366
Sweden,Potatoes,2011,319681,1781.0,624.0,165772.0,10964.528
Sweden,Potatoes,2012,325809,1814.0,624.0,155048.5,11061.538
Sweden,Potatoes,2013,337563,1620.0,624.0,161926.0,11874.896
Sweden,Potatoes,2014,345420,1880.0,624.0,180495.0,13314.786
Sweden,Potatoes,2015,347403,1836.2,624.0,191314.0,12775.236
Sweden,Potatoes,2016,357291,1630.0,624.0,195771.405,14132.722
Sweden,Potatoes,2017,346968,1525.0,624.0,194879.825,14835.9115
Sweden,Potatoes,2018,302384,1459.0,624.0,183443.5,13520.578
Sweden,Potatoes,2019,358097,1478.1,624.0,186432.0,13910.362
Switzerland,Potatoes,2009,465002,2224.02,1537.0,32009.25,3599.3762
Switzerland,Potatoes,2010,386978,2148.48,1537.0,31335.15,4289.7386
Switzerland,Potatoes,2011,457778,2284.09,1537.0,33091.8,4021.4678
Switzerland,Potatoes,2012,411034,2231.91,1537.0,25461.982,3432.0076
Switzerland,Potatoes,2013,325935,2290.07,1537.0,28850.6225,4128.8738
Switzerland,Potatoes,2014,444229,2245.45,1537.0,27809.3655,3925.9387
Switzerland,Potatoes,2015,356992,2220.55,1537.0,26925.906,3956.8081
Switzerland,Potatoes,2016,339154,2158.17,1537.0,27916.343,4939.8039
Switzerland,Potatoes,2017,409000,2027.76,1537.0,30051.1505,3558.2642
Switzerland,Potatoes,2018,402989,2051.98,1537.0,28752.346,4058.7236
Switzerland,Potatoes,2019,377000,1952.01,1537.0,27736.8175,3808.191
Tajikistan,Potatoes,2009,231535,126.86,691.0,8511.79,678.9872
Tajikistan,Potatoes,2010,239308,126.49,691.0,8511.79,445.265
Tajikistan,Potatoes,2011,235049,126.12,691.0,7605.265,211.5472
Tajikistan,Potatoes,2012,237444,125.74,691.0,5491.805,176.8416
Tajikistan,Potatoes,2013,251396,125.37,691.0,6266.635,787.4618
Tajikistan,Potatoes,2014,240199,125.0,691.0,11938.445,1235.5477
Tajikistan,Potatoes,2015,223070,124.62,691.0,13619.125,415.0524
Tajikistan,Potatoes,2016,216013,147.0,691.0,6318.645,1229.5592
Tajikistan,Potatoes,2017,192759,309.01,691.0,30768.645,2583.0558
Tajikistan,Potatoes,2018,194318,386.46,691.0,29118.645,1636.6176
Tajikistan,Potatoes,2019,192809,468.83,691.0,54198.5,3514.7944
Thailand,Potatoes,2009,165948,67933.0,1622.0,1362618.55,105552.657
Thailand,Potatoes,2010,142016,68986.0,1622.0,1458937.935,160448.6867
Thailand,Potatoes,2011,146421,87191.0,1622.0,1487810.59,176976.8603
Thailand,Potatoes,2012,153378,69921.0,1622.0,1501107.6,188956.9195
Thailand,Potatoes,2013,150014,8136.0,1622.0,1593080.31,234066.4997
Thailand,Potatoes,2014,160790,21800.0,1622.0,1488025.395,228285.4689
Thailand,Potatoes,2015,165283,26167.67,1622.0,1278426.79,199166.6399
Thailand,Potatoes,2016,169945,30535.33,1622.0,1447533.195,200468.1239
Thailand,Potatoes,2017,180856,34037.48,1622.0,1645870.795,206081.092
Thailand,Potatoes,2018,181483,34776.62,1622.0,1489110.39,174737.924
Thailand,Potatoes,2019,178207,28073.81,1622.0,1300483.94,157285.6201
Tunisia,Potatoes,2009,144321,1495.28,207.0,78000.0,20928.0
Tunisia,Potatoes,2010,155462,2174.9,207.0,80000.0,21364.0
Tunisia,Potatoes,2011,148760,2135.1,207.0,82000.0,21800.0
Tunisia,Potatoes,2012,150215,3076.4,207.0,85000.0,22236.0
Tunisia,Potatoes,2013,160417,2462.0,207.0,59300.0,22454.0
Tunisia,Potatoes,2014,160626,2765.96,207.0,65250.0,21451.2
Tunisia,Potatoes,2015,172117,2817.44,207.0,75050.0,25200.8
Tunisia,Potatoes,2016,177205,3133.94,207.0,99250.0,23653.0
Tunisia,Potatoes,2017,169118,2670.38,207.0,76100.0,19707.2
Tunisia,Potatoes,2018,168354,3211.48,207.0,87100.0,24634.0
Tunisia,Potatoes,2019,171670,3511.11,207.0,78420.355,25789.4
Turkmenistan,Potatoes,2009,177482,497.55,161.0,253000.0,2180.0
Turkmenistan,Potatoes,2010,172138,497.55,161.0,255000.0,2180.0
Turkmenistan,Potatoes,2011,166556,497.55,161.0,255000.0,2180.0
Turkmenistan,Potatoes,2012,161696,497.55,161.0,260000.0,2180.0
Turkmenistan,Potatoes,2013,154579,497.55,161.0,379850.0,4054.8
Turkmenistan,Potatoes,2014,149006,497.55,161.0,400800.0,3749.6
Turkmenistan,Potatoes,2015,134258,497.55,161.0,470400.0,12208.0
Turkmenistan,Potatoes,2016,133395,497.55,161.0,407400.0,6758.0
Turkmenistan,Potatoes,2017,150366,497.55,161.0,391500.0,9592.0
Turkmenistan,Potatoes,2018,151215,497.55,161.0,415500.0,15129.2
Turkmenistan,Potatoes,2019,153549,497.55,161.0,412450.0,20143.2
Uganda,Potatoes,2009,46286,2445.48,1180.0,7046.0,1810.272
Uganda,Potatoes,2010,47714,2990.23,1180.0,6366.0,1225.596
Uganda,Potatoes,2011,49920,3658.45,1180.0,7609.0,1127.932
Uganda,Potatoes,2012,49440,4324.48,1180.0,8048.69,1541.7876
Uganda,Potatoes,2013,45013,4882.92,1180.0,9595.37,1789.9893
Uganda,Potatoes,2014,46460,5655.05,1180.0,6638.66,1463.7828
Uganda,Potatoes,2015,44001,6298.13,1180.0,2079.39,2577.4445
Uganda,Potatoes,2016,53563,6284.06,1180.0,8538.46,1046.9537
Uganda,Potatoes,2017,76167,6303.83,1180.0,7607.73,1727.5454
Uganda,Potatoes,2018,82957,6037.93,1180.0,11209.0,2677.7943
Uganda,Potatoes,2019,61103,6701.51,1180.0,11952.8,2757.9921
Ukraine,Potatoes,2009,139298,36444.7,565.0,600709.5,65537.34
Ukraine,Potatoes,2010,132481,62534.6,565.0,641074.5,71377.56
Ukraine,Potatoes,2011,168039,79491.7,565.0,926091.0,89550.04
Ukraine,Potatoes,2012,161001,90814.8,565.0,982890.0,106765.5
Ukraine,Potatoes,2013,159664,86781.8,565.0,970159.5,108029.9
Ukraine,Potatoes,2014,176447,78201.0,565.0,972837.0,91607.96
Ukraine,Potatoes,2015,161420,64986.5,565.0,951552.0,102767.38
Ukraine,Potatoes,2016,165830,51772.0,565.0,1224216.0,144448.98
Ukraine,Potatoes,2017,167837,38557.5,565.0,1444819.5,191541.34
Ukraine,Potatoes,2018,170498,25343.0,565.0,1354460.85,168807.646
Ukraine,Potatoes,2019,154869,24325.0,565.0,1473456.15,170051.554
Uruguay,Potatoes,2009,161006,13475.41,1300.0,74660.85,38964.5352
Uruguay,Potatoes,2010,200915,14981.18,1300.0,96514.2,42755.904
Uruguay,Potatoes,2011,177610,17517.76,1300.0,94606.2,52893.558
Uruguay,Potatoes,2012,219891,23506.4,1300.0,167960.0025,52497.7696
Uruguay,Potatoes,2013,224434,19028.6,1300.0,163352.4705,78533.8059
Uruguay,Potatoes,2014,204308,22962.2,1300.0,126383.1345,61809.7512
Uruguay,Potatoes,2015,172208,14067.8,1300.0,103872.5415,44213.5542
Uruguay,Potatoes,2016,201175,13365.8,1300.0,123693.4575,49662.7797
Uruguay,Potatoes,2017,197792,14905.96,1300.0,117670.0905,60512.7182
Uruguay,Potatoes,2018,208783,16446.12,1300.0,124848.432,52954.6115
Uruguay,Potatoes,2019,232914,16446.12,1300.0,147600.567,47980.2195
Yemen,Potatoes,2009,129331,597.11,167.0,13800.0,830.0677
Yemen,Potatoes,2010,130942,694.92,167.0,23920.0,1090.0436
Yemen,Potatoes,2011,137003,819.34,167.0,13800.0,1350.0195
Yemen,Potatoes,2012,131451,953.54,167.0,13412.68,1609.9954
Yemen,Potatoes,2013,125064,1506.28,167.0,18298.83,2003.0363
Yemen,Potatoes,2014,128690,1483.51,167.0,26226.04,460.3855
Yemen,Potatoes,2015,156035,1357.2,167.0,11214.11,208.0352
Yemen,Potatoes,2016,155682,718.78,167.0,21865.87,502.902
Yemen,Potatoes,2017,156459,576.13,167.0,13649.625,508.1079
Yemen,Potatoes,2018,143584,837.9,167.0,2490.1,199.5419
Yemen,Potatoes,2019,148336,1147.21,167.0,8902.985,957.9836
Zambia,Potatoes,2009,172628,3327.67,1020.0,48922.5,3101.268
Zambia,Potatoes,2010,162228,3455.19,1020.0,87258.5,5259.25
Zambia,Potatoes,2011,156289,3582.7,1020.0,116393.0,11186.67
Zambia,Potatoes,2012,161166,3710.21,1020.0,94968.92,9040.2267
Zambia,Potatoes,2013,127792,3837.73,1020.0,141171.845,15064.0551
Zambia,Potatoes,2014,198166,3965.24,1020.0,133640.03,17268.4798
Zambia,Potatoes,2015,153365,4092.75,1020.0,140847.405,17155.3465
Zambia,Potatoes,2016,187331,4220.27,1020.0,158603.69,16506.5567
Zambia,Potatoes,2017,316142,4347.78,1020.0,170344.925,16381.1042
Zambia,Potatoes,2018,74883,4196.64,1020.0,133747.43,16029.8147
Zambia,Potatoes,2019,192361,4196.64,1020.0,167820.215,21505.4057
Zimbabwe,Potatoes,2009,98178,3269.99,657.0,46017.5,11088.788
Zimbabwe,Potatoes,2010,92025,3305.17,657.0,55251.0,13688.656
Zimbabwe,Potatoes,2011,85809,3340.35,657.0,50081.5,12864.18
Zimbabwe,Potatoes,2012,78479,3375.53,657.0,41000.0,8720.0
Zimbabwe,Potatoes,2013,73323,2550.07,657.0,50400.0,12317.0
Zimbabwe,Potatoes,2014,66317,2185.07,657.0,50100.0,11619.4
Zimbabwe,Potatoes,2015,58884,2185.07,657.0,45900.0,10093.4
Zimbabwe,Potatoes,2016,66041,2185.07,657.0,58050.0,17004.0
Zimbabwe,Potatoes,2017,70743,2185.07,657.0,49850.0,11706.6
Zimbabwe,Potatoes,2018,71275,2185.07,657.0,44500.0,13101.8
Zimbabwe,Potatoes,2019,70782,2185.07,657.0,38300.0,17331.0
